-- phpMyAdmin SQL Dump
-- version 5.1.0
-- https://www.phpmyadmin.net/
--
-- Host: 127.0.0.1
-- Generation Time: Nov 02, 2021 at 04:39 PM
-- Server version: 10.4.18-MariaDB
-- PHP Version: 8.0.3

SET SQL_MODE = "NO_AUTO_VALUE_ON_ZERO";
START TRANSACTION;
SET time_zone = "+00:00";


/*!40101 SET @OLD_CHARACTER_SET_CLIENT=@@CHARACTER_SET_CLIENT */;
/*!40101 SET @OLD_CHARACTER_SET_RESULTS=@@CHARACTER_SET_RESULTS */;
/*!40101 SET @OLD_COLLATION_CONNECTION=@@COLLATION_CONNECTION */;
/*!40101 SET NAMES utf8mb4 */;

--
-- Database: `bst`
--

-- --------------------------------------------------------

--
-- Table structure for table `categories`
--

CREATE TABLE `categories` (
  `id` bigint(20) UNSIGNED NOT NULL,
  `name` varchar(100) COLLATE utf8mb4_unicode_ci NOT NULL,
  `created_at` timestamp NULL DEFAULT NULL,
  `updated_at` timestamp NULL DEFAULT NULL
) ENGINE=InnoDB DEFAULT CHARSET=utf8mb4 COLLATE=utf8mb4_unicode_ci;

--
-- Dumping data for table `categories`
--

INSERT INTO `categories` (`id`, `name`, `created_at`, `updated_at`) VALUES
(1, 'voluptas', '2021-11-01 12:15:17', '2021-11-01 12:15:17'),
(2, 'sint', '2021-11-01 12:15:17', '2021-11-01 12:15:17'),
(3, 'doloribus', '2021-11-01 12:15:17', '2021-11-01 12:15:17'),
(4, 'quos', '2021-11-01 12:15:17', '2021-11-01 12:15:17'),
(5, 'vero', '2021-11-01 12:15:17', '2021-11-01 12:15:17'),
(6, 'dicta', '2021-11-01 12:15:17', '2021-11-01 12:15:17'),
(7, 'ad', '2021-11-01 12:15:17', '2021-11-01 12:15:17'),
(8, 'distinctio', '2021-11-01 12:15:17', '2021-11-01 12:15:17'),
(9, 'eligendi', '2021-11-01 12:15:17', '2021-11-01 12:15:17'),
(10, 'vitae', '2021-11-01 12:15:17', '2021-11-01 12:15:17');

-- --------------------------------------------------------

--
-- Table structure for table `comments`
--

CREATE TABLE `comments` (
  `id` bigint(20) UNSIGNED NOT NULL,
  `post_id` bigint(20) NOT NULL,
  `user_id` bigint(20) NOT NULL,
  `body` varchar(5000) COLLATE utf8mb4_unicode_ci NOT NULL,
  `created_at` timestamp NULL DEFAULT NULL,
  `updated_at` timestamp NULL DEFAULT NULL
) ENGINE=InnoDB DEFAULT CHARSET=utf8mb4 COLLATE=utf8mb4_unicode_ci;

--
-- Dumping data for table `comments`
--

INSERT INTO `comments` (`id`, `post_id`, `user_id`, `body`, `created_at`, `updated_at`) VALUES
(1, 42, 23, 'Ipsa velit ut sunt est. Nam quasi alias animi. Aliquid ea distinctio nihil sapiente ut et fugit. Rerum commodi ab natus sapiente provident. Qui assumenda et animi possimus enim. Qui enim consectetur illo nisi repellendus. Voluptatem dignissimos earum sint iure excepturi ratione corporis ex. Suscipit sed in itaque quibusdam ipsa itaque mollitia eum. Error voluptatum dolorem quam adipisci est animi ipsa. Autem quas cum quia rerum earum voluptatem. Ratione nostrum eligendi laudantium accusamus. Eos omnis dolore ut sint eius nihil et. Nihil laudantium voluptate nam laudantium. Perspiciatis harum cum iure omnis omnis aut dolores voluptatem. Cupiditate consequatur asperiores vel doloremque. Veritatis qui alias dignissimos aut expedita ea et ea. Animi veritatis tenetur in tenetur voluptatum molestiae eum. Assumenda autem et ea sit vel ipsa magnam. Consectetur tenetur ipsum eveniet non dicta.', '2021-11-01 12:15:18', '2021-11-01 12:15:18'),
(2, 52, 49, 'Ut tempora optio quia quia dolorum recusandae molestiae. Odio sed voluptas dignissimos quibusdam voluptatem. Quis ipsam excepturi exercitationem magnam aut voluptas est. Neque qui a eius rerum nam eligendi. Eum fugit autem fugiat eos nostrum. Aperiam et nihil omnis. Dolorum distinctio aut incidunt tempora dolores. Iure quasi veniam cupiditate itaque maxime accusamus. Provident voluptatem odio maxime accusantium pariatur eveniet. Vitae ut adipisci dolorum voluptas enim est. Quas et in ut cum esse. Dignissimos quia ea eligendi. Dolores dolorem iure cumque qui est qui. Maxime sed atque a quis. Similique voluptatem qui ab iure dolorem ullam similique. Cumque eos numquam dignissimos perspiciatis quibusdam. Ullam blanditiis ut ut repellendus iure. Quia quia omnis impedit qui nihil. In nihil nihil eum non ex. Illo soluta recusandae maxime. Reiciendis iusto culpa ab ut est molestiae ut.', '2021-11-01 12:15:18', '2021-11-01 12:15:18'),
(3, 1, 49, 'Ea iure quos corporis aliquid voluptate asperiores omnis. Inventore autem quisquam animi architecto asperiores soluta quibusdam maiores. Modi mollitia qui alias inventore doloribus quo officia. Nisi quo est dolor veniam reprehenderit. Pariatur saepe rerum nisi voluptatem voluptatum omnis quae. Minus dolores molestiae beatae provident quod veritatis ratione. Ut cum qui aut inventore ipsam facere. Quis mollitia ratione beatae hic ducimus. Rerum at omnis excepturi quia est sit perspiciatis. Saepe magnam corporis consequatur vero. Est commodi provident ea est. Commodi corporis suscipit velit ut harum fuga. Qui pariatur expedita molestias repellat. Porro cupiditate laboriosam amet voluptatibus quis earum et. Enim sit et sit id veniam occaecati temporibus. Provident aspernatur aut exercitationem quisquam unde. Tenetur voluptatem qui praesentium. In in et occaecati eum pariatur in doloribus. Excepturi culpa ex est. Commodi molestiae nisi quae et et.', '2021-11-01 12:15:18', '2021-11-01 12:15:18'),
(4, 68, 10, 'Officia laboriosam illo fugiat eaque rem ducimus aut. Omnis voluptatem ea qui. Nobis hic provident ipsa nihil molestias vitae. Et laudantium alias consequatur ut. Reiciendis accusamus corrupti iste at quos ipsum harum. Labore ipsam reiciendis quam ut. Quasi dolores dolorum quo et id ipsam. Necessitatibus rerum sed velit quisquam quis sit impedit voluptates. Omnis esse nobis ut et consequatur ex. Quaerat quaerat dicta amet eveniet modi voluptatem recusandae. Et iusto beatae consectetur ut assumenda qui nemo. Ratione velit quibusdam eaque odit repellat dolor exercitationem maxime. Reprehenderit quaerat quis ex nostrum et voluptatem ullam. Eos qui facere a molestias illo dolore officiis qui. Adipisci accusantium eos voluptatum consequatur. Sed est dolores quia perspiciatis ea itaque dolores. Rerum est dolorem distinctio qui et quis quibusdam consequuntur.', '2021-11-01 12:15:18', '2021-11-01 12:15:18'),
(5, 41, 35, 'Qui illum molestiae placeat. In dolorem quia eum non aspernatur est. Voluptas et ut sit cum saepe fuga nemo. Voluptatem perferendis inventore praesentium sed velit hic. Sit voluptate ipsa error distinctio blanditiis ducimus. Et aut porro fugiat dolor excepturi. Esse corporis possimus quia et eos iste excepturi. Perferendis et blanditiis nihil at quam eaque. Est et consequatur praesentium ut. Qui et id dolores quaerat. Ullam maxime iure ratione et est. Asperiores voluptates placeat quia accusamus eum. Quod quam pariatur ut aperiam officia inventore. Ullam illo velit natus. Repellendus vitae saepe ipsam beatae id. Dolores sit ab nostrum et error perspiciatis aut. Harum earum voluptates sit qui illum tempore. Voluptatem dolorem est debitis accusamus occaecati quia. Sequi enim harum odio dolor. Quod explicabo iure cumque molestiae.', '2021-11-01 12:15:18', '2021-11-01 12:15:18'),
(6, 40, 2, 'Commodi vel et sint sint quidem omnis. Non eligendi dolores debitis. Autem rerum neque aut dolore molestias. Amet dignissimos aut quia commodi. Tempore animi impedit blanditiis veritatis. Provident est aut adipisci ab iure. Et necessitatibus eum iste libero repellendus consequatur exercitationem. Eos ut nostrum asperiores quibusdam qui quidem deserunt enim. Expedita sint nemo voluptas fugiat. Id quam in recusandae fuga accusamus atque. Qui maxime est amet ipsam. Ducimus sunt perferendis sint tempora. Quia veritatis recusandae neque. Quae suscipit aut possimus vero ut. Et rem est assumenda optio. Et cum temporibus dolor exercitationem quia hic. Quaerat est numquam molestiae sed. Rerum enim eveniet similique modi modi nam ut nihil. Dolorem expedita nemo sit culpa accusamus est. Enim accusamus sunt ullam. Laborum rem quaerat eum dolorem consequatur soluta sint.', '2021-11-01 12:15:18', '2021-11-01 12:15:18'),
(7, 15, 43, 'Eveniet soluta deleniti molestiae commodi atque dolor natus. Eum corporis ut aut accusantium explicabo ad cumque. Dolorem qui iste numquam tempora pariatur. Et quidem voluptate aspernatur. Nobis ad ab tempora labore. Omnis quisquam iste natus. Molestiae beatae facilis laboriosam sunt. Consequatur libero nobis aperiam veritatis sunt aut. Nihil dolor eos accusamus. Est amet nihil et enim. Sunt voluptatem aliquam est dolores facilis nostrum aliquid temporibus. Sunt nihil optio cum corrupti hic deserunt. In illum et ipsa est explicabo quidem aut. Est porro et ut distinctio. Dolores quas sed asperiores nostrum voluptatum. Architecto est qui vitae quam nulla eaque voluptate. Quas placeat asperiores exercitationem error. Aut aliquam qui architecto molestiae nostrum. Provident animi dolor est vel deserunt fugiat. Iusto eaque sint est ab sed excepturi. Ipsam voluptatem tempore fuga et qui molestiae.', '2021-11-01 12:15:18', '2021-11-01 12:15:18'),
(8, 38, 22, 'Autem quibusdam eum vel repellendus voluptatem eos. Porro aperiam nostrum ratione voluptatem. Ab et exercitationem quidem sequi nisi porro. Qui aut saepe beatae ea quo aut omnis. Animi sint pariatur quibusdam ratione eum sed non. Placeat vitae et sint qui. Est id sed maiores explicabo autem. Perferendis sapiente autem illo earum sapiente et amet. Voluptate exercitationem consequuntur et tempora eos. In ad at doloremque enim et enim. Non et molestiae culpa sed. Dolorem ad et velit quam. Beatae eveniet nihil suscipit quidem expedita quia deserunt dolores. Autem omnis sed tempora est corrupti. Esse ipsum repudiandae quia veniam nesciunt. Et repellat eos alias officiis. Voluptate id ea et maiores non. Quia nihil sunt a dolore laborum neque. Modi velit et repellendus enim. Est eveniet dignissimos eum. Perferendis occaecati consequuntur accusantium eaque et.', '2021-11-01 12:15:18', '2021-11-01 12:15:18'),
(9, 34, 6, 'Explicabo adipisci qui sit quia perferendis repellendus non. Odio et exercitationem at sed nobis dolorem repellendus. Atque in molestias quod nihil architecto ut. Nulla alias temporibus dolores explicabo. Aut praesentium corporis aperiam dolorem quas amet ex facilis. Debitis earum aut explicabo quibusdam ut. Et aut architecto sed modi earum quas voluptatem. Odit eum praesentium placeat magni. Perferendis qui sit officia porro. Illum autem inventore porro facilis. Et ab velit nihil eligendi alias qui non. Beatae sit dicta iusto illo culpa velit at earum. Magnam facilis beatae temporibus modi enim. Quod rem maiores minus harum. Veritatis quia facere optio molestiae nulla inventore. Consequatur aut eaque vel est animi pariatur. Mollitia minus ea quaerat consequuntur sit eius. Iusto tempore quas molestias quo dicta. Et atque ipsam dolorem atque eum. Et ut aut cupiditate sint consequatur voluptas.', '2021-11-01 12:15:18', '2021-11-01 12:15:18'),
(10, 48, 26, 'Laborum impedit perspiciatis fuga eum quae. Qui quia reprehenderit deserunt sed magni corrupti. Quos dolores debitis saepe modi tempore nobis nobis. Maxime qui beatae repellendus asperiores et aliquid consequuntur. Vero unde eos reiciendis sunt aperiam maxime facilis. Enim labore id qui quos labore illo excepturi. Eius sed et quo consequuntur. Ipsam et dolorum nostrum ut maxime. Recusandae qui in error quia aut aut eaque magnam. Omnis et omnis voluptas dignissimos velit omnis. Neque eveniet praesentium non quia alias. Nostrum quos dolorem illum impedit nisi perspiciatis. Numquam et ratione est ad tempore. Dolorem blanditiis harum non eos natus occaecati. Odio eveniet rem qui doloremque ea. Quidem atque hic repudiandae odio qui. Minima quia omnis voluptatem maiores voluptates necessitatibus quae. Sunt aut aut harum quaerat earum provident. Illo aperiam reiciendis voluptatum optio libero saepe. Nemo possimus expedita fugit nulla numquam pariatur beatae.', '2021-11-01 12:15:18', '2021-11-01 12:15:18'),
(11, 21, 38, 'Itaque qui rem labore qui minima. Magni et nemo nobis nihil facilis minus. Iste sequi cum deserunt vitae consectetur expedita perspiciatis. Tempore consequatur consequatur alias. Illo blanditiis eius enim molestias ea quae omnis molestiae. Praesentium nesciunt iure est repellat eligendi ut accusantium. Voluptates et quidem ipsa. Molestiae veritatis et omnis rerum. Et odio quae explicabo dolores sed ad omnis. Praesentium in est sed ducimus enim incidunt. Vitae facere quis expedita voluptatum. Distinctio voluptates voluptatem autem est officiis est. Eos praesentium blanditiis provident culpa at. Excepturi ea consectetur maxime voluptatibus aliquam cumque harum. Rem ducimus ipsa velit eos tempore tempore. Veniam sit est harum corporis aliquid. Dicta ipsa amet totam rerum saepe odit. Nesciunt quo corrupti itaque libero. Corrupti autem et ab culpa velit voluptas iste. Quam aut dolor dolores. Sed id et unde labore recusandae. Possimus ipsa iusto et.', '2021-11-01 12:15:18', '2021-11-01 12:15:18'),
(12, 42, 27, 'Numquam praesentium consectetur numquam molestiae et veniam. Recusandae aut aspernatur quis. Et consequatur esse qui fugit. Praesentium enim animi voluptas qui rerum ratione. Occaecati non nihil porro deserunt. Praesentium velit harum aut repellendus doloribus minus porro. Veritatis reiciendis possimus ea voluptatem. Est repellat ut consequatur commodi placeat asperiores eum. Rerum sit tempore non voluptatem non molestiae. Aliquid sapiente velit corporis nulla voluptatum. Commodi velit qui voluptatem id nam aut molestiae. Porro nihil autem sint aut. Saepe quis et architecto laborum sed ut aperiam. Placeat aperiam voluptate dolorem quas facilis quisquam. Iusto voluptatibus eum non excepturi optio. Ut omnis perferendis id distinctio. Ab quam accusamus dolores nihil eum eaque qui repudiandae.', '2021-11-01 12:15:18', '2021-11-01 12:15:18'),
(13, 5, 23, 'Vel voluptatem repudiandae exercitationem ipsa eveniet eligendi aut. Omnis voluptas aliquam quia impedit. Recusandae vel libero nobis quibusdam asperiores voluptas dolores. Distinctio dolores et iure nemo tenetur. Neque dignissimos et facere tempora atque deleniti ad. Veritatis vel omnis in dignissimos in sit. Ut dolores maxime nihil exercitationem laudantium. Omnis incidunt iusto consequuntur nihil esse. Laudantium dolor iure qui iusto consequuntur quia ut. Aliquid aspernatur ratione facere unde illum dolorem fugiat. Ea dolorem qui dicta. Voluptate impedit itaque rerum quam nostrum. Dolore sequi in eum est ut. Soluta quia ducimus voluptatem pariatur ut inventore. Blanditiis in delectus ex aspernatur maxime est. Sequi nisi omnis eos dicta dolorem cumque temporibus. Voluptatem quia minima id dolores. Laboriosam culpa voluptas suscipit cupiditate. Veniam esse ullam dolores omnis corporis enim.', '2021-11-01 12:15:18', '2021-11-01 12:15:18'),
(14, 25, 1, 'Excepturi consequatur explicabo dicta necessitatibus magni. Ea quaerat eum qui. Velit rerum vitae libero ut quas aut nemo. Qui et quas odit. Eveniet qui odio dignissimos. Neque ducimus quo veniam nesciunt. Commodi nesciunt inventore nostrum sunt optio eveniet. Labore adipisci ut et et. Facere ut fuga corporis quidem omnis consequatur officia. Distinctio et velit veritatis et autem. Et quis necessitatibus rerum. Tempora reiciendis vero nihil deserunt. Quia vero qui voluptate qui voluptas. Non tempore eaque harum cupiditate rerum qui veniam sit. Repudiandae tempore fugit laborum blanditiis quo ab. Aliquam rerum cupiditate et. Sed doloribus rerum et ratione. Id eligendi et eligendi et fuga. Ad id consectetur non optio ipsa. Accusamus nostrum animi nam voluptatem. Animi magni voluptatibus placeat velit et praesentium dolorum. Odio labore possimus dolores est placeat quod.', '2021-11-01 12:15:18', '2021-11-01 12:15:18'),
(15, 52, 39, 'Molestiae labore quod omnis eos id labore officia. Voluptates numquam sed ducimus. Nihil magni cum dolor enim. Non quidem et dolore qui. Odit est aut atque veniam quia accusantium. Aut consequatur repudiandae cumque consectetur et quos. Nemo eum consectetur quisquam impedit veritatis. Nesciunt consequatur earum qui soluta. Quia qui quia ut quas quo et sint. Voluptate perspiciatis et quaerat est assumenda. Ut omnis tenetur adipisci magni dolorum. In dicta et quia ut cupiditate et et. Dicta et aut voluptatibus similique ipsam odio. Cumque non architecto neque voluptas sequi qui numquam. Ad voluptatem illo quia ut est sed error. Quis rerum et ut voluptatem quia sunt enim. Repudiandae quaerat nisi alias quod delectus blanditiis. Veniam veniam quis est doloribus optio sapiente. Est dolorum totam commodi et deserunt et.', '2021-11-01 12:15:18', '2021-11-01 12:15:18'),
(16, 15, 10, 'Earum sint veniam ea quia recusandae adipisci vel. Enim eum unde quae nihil sint. Modi consequuntur porro pariatur inventore laborum eveniet. Aut maiores nihil quidem. Eum sed minima et. Labore ut et vero voluptate ducimus. Consequatur ut culpa molestias eos officia. Sequi pariatur quis qui quia rerum odit reiciendis qui. Voluptates et debitis sunt reiciendis qui possimus. Adipisci a qui repellendus rerum aliquam fugiat quibusdam voluptas. Facilis animi est illum voluptatem vel. Sint nesciunt dolores quam dolores temporibus. Deserunt ea non tenetur facilis sed beatae sed. Nisi sint commodi ex fugit tenetur et. Ut veniam vero est. Perferendis vitae rerum explicabo reiciendis qui. Ratione enim repellendus voluptatum praesentium consequatur libero inventore. Odio dolor ut cum est quo consequatur. Doloremque nihil consequatur itaque nam ut consequatur.', '2021-11-01 12:15:18', '2021-11-01 12:15:18'),
(17, 10, 38, 'Quo ratione consequuntur voluptatem et. Ut in est a dolorum. Laboriosam et sapiente iure minus. Totam iusto dolor voluptatibus repellat eaque dolore. Impedit eos ut quaerat voluptas nihil tempora commodi. At officiis in itaque cum iste unde ducimus. Ipsam molestias labore quaerat rerum. Magni ea et omnis repellat pariatur ipsa praesentium. Non unde fugit quae optio. Facilis sunt totam temporibus fuga. Qui et ipsum pariatur. Veniam impedit delectus dicta. Et nam odit quo minus. Sit voluptas sequi sed consectetur et eos accusantium. Voluptas qui illo quam et. Voluptatibus illo ab libero earum. Distinctio sunt enim laboriosam omnis maiores delectus eius. Velit aut molestiae et temporibus. Suscipit in voluptatem maxime et delectus. Excepturi voluptatum blanditiis aut dolor delectus maiores repudiandae. Nobis quaerat nam et ut omnis. Excepturi officiis vel molestiae sed eum repellat. Dolore libero vero aut. Doloremque soluta rerum porro ratione pariatur.', '2021-11-01 12:15:18', '2021-11-01 12:15:18'),
(18, 12, 6, 'Nihil aut aut nihil quo ipsum fugit. Doloremque fuga commodi consequatur doloremque id et. Omnis enim in qui ut quae. Perspiciatis fugit aut eos ex. Sed asperiores qui perspiciatis aut aliquid sed error. Cum explicabo repudiandae debitis consequatur. Ea corrupti excepturi eos sint eos est. Placeat ipsa ut vero hic. Dolor sed et at consequuntur error pariatur. Magnam quas dolore culpa et earum. Sapiente et et amet tempore quam. Debitis autem et eius quo aut aut vel. Et aut porro sed rerum quasi sed voluptas. Itaque aut omnis odit facere corporis. Aut dignissimos velit perferendis veniam saepe iste. Et aut error doloribus molestiae ipsam voluptatem. Accusamus odit optio excepturi voluptatem veniam id quasi. Deleniti ex molestias doloremque voluptates. Cupiditate cumque voluptatem optio qui ut quas non. Repellat autem eius impedit est voluptatibus qui aut dolor. Qui rerum in reprehenderit adipisci a.', '2021-11-01 12:15:18', '2021-11-01 12:15:18'),
(19, 67, 47, 'Debitis autem dolor ab voluptatem corporis quod et. Dolorem eos quas ea cupiditate hic. Sed et explicabo omnis aspernatur labore porro eum. Quos et harum quasi rerum nam. Illo omnis maiores corrupti quasi quibusdam sapiente. Vitae et provident est harum est. Mollitia dolores pariatur eos repellendus sit autem voluptatum. Aut qui aut consequatur explicabo atque dolores accusantium. Ea molestias dolores corporis omnis officia dolorum eos amet. Sunt illo et rerum nihil animi. Et dicta voluptas harum animi molestiae hic. Ea provident eum dolorum labore ut. Dicta eos id labore corrupti. Eum tenetur at eos doloremque sint. Vitae in nostrum voluptates accusantium molestiae sunt sint maiores. Hic commodi sunt rerum eveniet alias iste. Magnam aliquam reiciendis expedita quam quia est voluptas. Nisi et recusandae odio ab. Dolor exercitationem ducimus eaque nihil tempore eum asperiores accusamus.', '2021-11-01 12:15:18', '2021-11-01 12:15:18'),
(20, 47, 28, 'Atque aspernatur quia quaerat occaecati quaerat pariatur neque sed. Et tempore dolorem et ab ut omnis aut. Et qui sunt ea omnis fuga maxime. Est reprehenderit doloremque deserunt qui. Incidunt non sunt vel aut maxime. Est rerum rerum eaque cumque. Repellendus earum tenetur est vel alias. Delectus fuga hic ipsa iure dignissimos repellat ut. Eum ut temporibus est vel explicabo maiores qui. Earum rerum nihil ut aut illum. Qui iusto omnis doloremque aut non. Consequatur unde provident iure autem voluptates voluptatum. Repellendus occaecati pariatur et non. Facere debitis aliquam ullam consequatur. Qui deserunt dolor et tenetur qui doloribus aliquid vero. Earum maxime et est veniam perferendis illo nisi. Qui qui iusto ea ut voluptates. Eveniet et quibusdam nihil eius. Animi non labore molestias commodi consequatur. Minima totam ducimus quis maxime. Rerum quo est cum.', '2021-11-01 12:15:18', '2021-11-01 12:15:18'),
(21, 49, 49, 'Velit eveniet nesciunt voluptas ab aperiam eum velit. Quae blanditiis suscipit et voluptas. Ea et quam distinctio vel tenetur. Ut enim autem commodi sequi repudiandae alias et. Dolore incidunt dolore optio iure quam et perspiciatis dignissimos. Aut error sunt et explicabo nulla aperiam. Omnis amet non qui consequuntur illo. Iure est voluptas dolorem cum ipsum impedit porro. Tenetur fugit et ullam numquam. Omnis facere eius voluptatem et. Quas et consequatur suscipit sint. Vel fugiat est libero dolor et quisquam. Illo quia dolore incidunt. Tempore consequuntur ipsum cum et similique deserunt. Veritatis aut cumque omnis rerum. Eum quia molestiae cumque consequatur occaecati autem suscipit. Et qui rerum dolorem facere. Animi nostrum quis voluptatem quia quod. Nihil accusantium numquam nulla pariatur non minus. Asperiores voluptatum veritatis nesciunt iste.', '2021-11-01 12:15:18', '2021-11-01 12:15:18'),
(22, 7, 26, 'Rerum sed sit est eligendi. Vitae facilis quis quae omnis. Fuga odio consectetur dignissimos rerum. Voluptate tenetur voluptates autem provident esse eius voluptatem. Non aut suscipit ut fugiat aut. A iusto iste distinctio et omnis nulla. Possimus fugit ut minus. Vel dolorem labore possimus non. Harum molestiae eveniet officia ducimus id sequi ducimus veritatis. Enim quidem soluta sit. Et ea maxime doloribus eum. A aut eveniet sit iure nostrum. Aut eos voluptatem animi sed. At temporibus nisi et reiciendis ullam commodi. Qui dolorem excepturi enim aut sint. Consequatur consequuntur aut velit. Qui aliquam molestiae sit qui unde sint aperiam officiis. Sed porro fuga eius laboriosam. Autem tenetur quidem blanditiis qui non quidem doloribus. Eum est doloremque esse facilis. Reiciendis dolor qui quisquam quis est. Necessitatibus est voluptates vel error. Consectetur reprehenderit laboriosam ipsam non ratione id ut doloribus. Illo impedit provident nostrum saepe iusto.', '2021-11-01 12:15:18', '2021-11-01 12:15:18'),
(23, 14, 47, 'Illum tempore est iste quasi tenetur. Adipisci autem consequuntur ipsum aut accusantium cupiditate et. Eos delectus ut eaque quam ipsam rem illo. Voluptas quasi corrupti ut rem velit architecto et. Architecto voluptate est repellat aut commodi natus odit. Voluptatem deleniti quos magni repellat id quis culpa. Repellendus et magni officiis pariatur sed cumque. Illo voluptates molestiae vel et. Aut ut velit facere tenetur. Adipisci veritatis qui possimus porro harum illo. Inventore doloribus animi voluptatem optio. Tenetur quia cupiditate sunt id fugit. Quisquam beatae adipisci qui id quam consequatur cumque. Expedita nihil magni sit nihil et voluptatem vel. Neque dolorem velit quasi eos quis est. Quasi ullam atque dolores velit eaque saepe. Perspiciatis ab inventore quaerat et. Quae aut nihil praesentium non eos consequatur. Minima inventore fuga ab odit. Libero est sed dicta. Deserunt repudiandae pariatur qui ratione aliquam.', '2021-11-01 12:15:18', '2021-11-01 12:15:18'),
(24, 56, 24, 'Et ipsa eum soluta odio et. Consequatur id dolorem voluptas sit earum dolorem. Tenetur harum distinctio neque. Et incidunt mollitia eligendi quis. Expedita sint commodi eius perferendis sed. Id accusantium sint eum quisquam. Ipsam quia expedita omnis enim voluptas aut. Doloremque reprehenderit necessitatibus beatae ad dolorum. Enim harum et animi ullam dolorem dolorem rerum. Quos omnis sit placeat. Esse sint expedita ea ut exercitationem dolores totam. Praesentium sapiente ipsum recusandae ad. Explicabo laudantium voluptatibus soluta fugiat perferendis. Et ratione nulla animi. Iusto aut dolorem nisi sapiente error possimus. Recusandae corrupti iusto et quia. Nobis praesentium quis velit quae. Ratione delectus voluptatum ex. Voluptas corporis voluptatum sit et eos cum. Laborum excepturi et sapiente totam qui ut unde. Veritatis ipsa qui fuga repudiandae tempore voluptas. Doloremque consequatur cupiditate illo nostrum reprehenderit. Molestiae dicta ab dolorem laboriosam ut.', '2021-11-01 12:15:18', '2021-11-01 12:15:18'),
(25, 5, 26, 'Sint molestiae minima sed nobis qui et rerum. Quis velit eligendi dolorum error nulla. Magnam in similique voluptatem ex esse non nulla. Nihil maxime provident minima dolorem maiores aperiam. Nobis velit sequi doloribus. Aliquam qui vel perferendis. Eveniet animi ipsum laborum eos. Quam expedita adipisci id rem iure tempora aliquam. Ea tempore voluptatem quia illo et mollitia. Ut id hic quod enim. Officiis deserunt alias quia alias nobis minima quo facilis. Nisi et earum totam hic aut et recusandae. Eum amet enim quae rerum. Non esse et illum sit. Est dicta voluptate labore aut voluptatibus minima quia. Est eos nulla sequi non impedit repellat cupiditate. Rem nemo vero at sint et ea sint. Eum culpa qui voluptates voluptate qui. Quisquam et exercitationem unde maiores rerum accusamus. A placeat fuga sit suscipit aliquam.', '2021-11-01 12:15:18', '2021-11-01 12:15:18'),
(26, 68, 20, 'Id est quis dicta doloribus voluptatem. Id voluptate qui ut sit quia et. Officiis eos sed alias iure earum dolores. Hic voluptas quia et autem sed quos quis. Doloribus error aut cumque et quos qui et. Ea accusantium illum quia qui. Est accusamus iure consequatur tempora facere qui. Asperiores nulla alias eum saepe voluptate tempora fugit. A quibusdam et et iste aut quod enim. Animi et nihil et ut. Libero non nisi ducimus ut necessitatibus est et. Quia mollitia necessitatibus nihil molestiae. Et rem dolores occaecati omnis facilis deleniti et aut. Exercitationem nobis rerum veritatis soluta molestiae corporis. Occaecati sunt aut et dolorum voluptatibus aut nihil. Et accusamus ipsa maxime ducimus reprehenderit occaecati. Soluta sed facere eius odit corrupti. Velit consequatur minima animi at. Laborum aut dicta illo et cupiditate. Qui molestias hic ut sapiente ut.', '2021-11-01 12:15:18', '2021-11-01 12:15:18'),
(27, 42, 23, 'Eos atque nisi magni necessitatibus. Voluptate qui aspernatur quia sed. Et unde accusantium quae. Ipsam eos odio id mollitia eos consequuntur commodi. Commodi nisi quia nihil adipisci iusto quasi. Inventore et molestias et recusandae deserunt doloremque hic. Nihil libero quae et illum modi deleniti et. Velit minima earum et libero nostrum. Et magnam enim vel quia. Assumenda nobis magni dicta est mollitia. Itaque voluptatum et maxime aliquid. Provident officiis veniam non eligendi dignissimos. Odit est natus aut repellat ad. Omnis quas unde quidem. Rerum et debitis veritatis similique omnis. Aliquid modi atque aut necessitatibus iure. Nisi architecto assumenda quos eos quia. Aut voluptas consequatur necessitatibus accusantium et nihil. Earum autem in necessitatibus asperiores repellat nisi. Cupiditate minus molestiae non eos quia sed. Quia quis nam aut facilis et autem harum vel.', '2021-11-01 12:15:18', '2021-11-01 12:15:18'),
(28, 20, 23, 'Eos nihil aut error incidunt est voluptatem. Distinctio repellendus aperiam eum officia perspiciatis velit doloribus est. Sunt aspernatur unde consequatur cumque. Aut quae facilis eius enim quisquam voluptates et. Qui expedita facere aut eum sint quo. Repellendus earum enim praesentium enim laboriosam. Sit eum sunt at non. Ipsam nihil rerum perferendis facere. Dicta aperiam qui itaque suscipit. Aut eum numquam illo cum commodi quia et. Quidem id nostrum quo id. Necessitatibus non qui quae occaecati blanditiis sed amet. Architecto molestiae maiores voluptas culpa eum aut rerum. Quos quod ut perspiciatis deleniti eos. Illo sed totam incidunt. Aut et explicabo qui dolor. Repellendus praesentium omnis qui velit. Aut quos quae eos aut. Placeat odio voluptatem omnis ut soluta aut cum. Aliquid sit tempore nobis aut quia excepturi. Placeat tenetur hic accusantium error. At non accusamus non repellat est autem quo. In minima voluptate consectetur esse sed beatae ipsa.', '2021-11-01 12:15:18', '2021-11-01 12:15:18'),
(29, 9, 32, 'Earum nemo voluptates et velit nihil necessitatibus. Alias vel labore quia dolores assumenda est animi fuga. Adipisci eos velit ut saepe commodi in doloribus. Odio ab aut rerum atque aut. Eius dolorem totam eos eos dolor architecto dolore et. Repellendus qui perferendis rerum quaerat. Possimus et ducimus occaecati illum nostrum perferendis. Maxime quam aspernatur ad laudantium inventore cumque. Dolorem voluptas fugiat modi voluptatem aut. Soluta quod nisi et sequi magnam. Ut a omnis accusantium tempora. Omnis quibusdam est voluptatibus quisquam ipsum molestiae. Qui eius harum porro magni qui deserunt aut. Pariatur nostrum et reiciendis. Aut dolorum repudiandae sint consequatur in maiores mollitia et. Repellat dolor excepturi delectus optio quo unde quo. Dolore neque nulla id qui veritatis in autem. Voluptatem sint aut quia ea quis amet. Nihil delectus accusantium et unde ut nesciunt. Quas omnis quo provident.', '2021-11-01 12:15:18', '2021-11-01 12:15:18'),
(30, 15, 48, 'Ipsum et est vitae totam incidunt nesciunt aut voluptas. Quis officia voluptatem deserunt voluptatum nihil nobis. Quam quas in iure officiis. Quia occaecati possimus vitae nam tempore error totam. Possimus laudantium quia voluptatum adipisci blanditiis. Culpa et sequi est natus autem corporis optio. Amet eos tempore voluptatem suscipit culpa reprehenderit. Veniam dolor enim rem ut aut quos. Hic ipsum provident quis laborum fuga. Et officia tempore ducimus cupiditate et. Rerum deserunt iure ipsa occaecati quis esse cumque. Dolores optio sed quasi nostrum qui repellat ad. Dicta dolorum voluptas molestiae nesciunt. Culpa accusamus labore eaque nisi harum id et inventore. Similique mollitia ex blanditiis excepturi. Sed beatae fuga et quas ratione et velit nisi. Vero inventore inventore at. Doloribus deleniti delectus cupiditate odio. Qui in omnis numquam deserunt.', '2021-11-01 12:15:18', '2021-11-01 12:15:18'),
(31, 67, 39, 'Rerum ab sit ipsa non occaecati. Voluptates quaerat sunt qui autem ipsum consequuntur. Ipsum beatae consequatur cupiditate. Laudantium accusantium aperiam recusandae voluptates omnis. Labore dolor quasi ex nisi quo molestiae. Quo blanditiis provident ipsa aspernatur voluptatem et. Fugiat quasi aliquam modi. Dolorem repellendus rem quo ipsam qui. Mollitia illum quasi praesentium voluptatem id consequuntur beatae. Est veritatis repellendus ut necessitatibus deserunt. Perspiciatis nihil aut blanditiis. Labore commodi nulla recusandae. Optio voluptas a nobis. Exercitationem rerum nobis blanditiis saepe qui perferendis. Sit dolorem non dolor qui voluptates. Atque officia tempore assumenda dolorem. Ad ullam aliquam ut optio ratione repellendus veniam. Expedita voluptas dicta est dolorem. Rerum deleniti sunt tenetur laboriosam quis magnam. Nihil numquam nihil eius facere consequuntur. Earum omnis nulla quas sunt et.', '2021-11-01 12:15:18', '2021-11-01 12:15:18'),
(32, 41, 37, 'Officiis libero unde reprehenderit. Veritatis voluptas pariatur accusantium dolorem animi odio. Odio non placeat impedit pariatur exercitationem magni libero. Quos deserunt fugiat voluptates provident fuga. Labore impedit voluptas voluptatem quia labore nobis. Ipsa dolor tempora ea nam molestiae sit nihil. Sit eaque repellendus error cum. Sit inventore ut error iure. Quo perferendis repudiandae et quia. Eum omnis adipisci enim amet aut. Facilis id delectus commodi rerum. Natus omnis nemo consectetur. Temporibus fugit occaecati quidem odio quos qui quia. Modi reprehenderit aut ea dolor. Eum est ratione dolor officia vel hic sequi magnam. Recusandae quidem iusto repellat in enim tempora. Quibusdam rerum velit fuga velit perferendis. Recusandae omnis aut ipsum modi velit. Molestias ut unde voluptas quos. Fuga voluptatum qui est sit cum ea ea. Quo et cum non aut quis accusamus. Ea excepturi delectus sed quasi.', '2021-11-01 12:15:18', '2021-11-01 12:15:18'),
(33, 24, 28, 'Iure illo sit et voluptatum. Assumenda doloribus repellat quia incidunt enim. Consequuntur praesentium ea eligendi molestias. Error animi corrupti velit omnis mollitia itaque magnam. Doloremque est recusandae voluptas adipisci. Occaecati quis similique omnis aperiam suscipit voluptatum. Sed in sit quae sint. Voluptatem nesciunt vel nemo aut sapiente ipsum odio. Id aliquam laboriosam iusto facere odit et. Ex dolor harum ut porro minima. Minima officiis distinctio culpa non impedit dolor doloribus aspernatur. Quae totam accusamus soluta velit quaerat exercitationem quae. Nulla est delectus eos ipsum aut excepturi voluptatem. Enim et voluptatem dicta et quam nam suscipit. Consequatur fugit dolores iusto. Expedita iste molestiae ea. Sit repellat voluptatem laborum quibusdam et cum. Non consequatur voluptatem sit cupiditate libero quaerat ut. Temporibus illo qui quaerat enim odio deleniti. Tempore et illo mollitia. Quae sit nisi cum minima.', '2021-11-01 12:15:18', '2021-11-01 12:15:18'),
(34, 47, 31, 'Similique rerum nobis maiores corrupti ea eos unde et. Aut et doloremque sit recusandae eos. Veniam fugit similique in iure at dicta. Et aperiam distinctio dolor ea consequatur at. Qui qui eum et pariatur labore et et nihil. Voluptatem vel et vel magnam debitis. Nobis quia quasi perspiciatis ullam deleniti. Quis animi eum aperiam natus vel sed. Eos libero dolores dignissimos. Et et dolores omnis ut ipsum dolores porro. Ea non est officia dolor sed. Esse aut porro corrupti. Dolor aut natus qui cumque quae. Est aut accusamus amet voluptatem dolorum ea. Aut voluptatem dolorem dolor saepe est. Animi at molestiae consequatur voluptate inventore. Maiores et natus et adipisci labore. Rem sint qui ut aperiam beatae. Quidem laboriosam a ullam aut rerum explicabo et mollitia. Fugiat voluptas vel molestias sapiente nisi soluta et corporis. In tempore provident quam enim modi vitae. Sit iure vel qui et qui cupiditate ab dolorem. Qui sapiente architecto iste tempora aliquid illum occaecati.', '2021-11-01 12:15:18', '2021-11-01 12:15:18'),
(35, 6, 19, 'Natus consequatur minus provident impedit consectetur ut voluptatem. Sint est eum vero laborum nostrum praesentium. Maxime natus atque sunt qui esse iste. Qui eaque a molestiae. Repudiandae recusandae animi non omnis. Amet ut ipsum sunt eaque aut aut iure. Blanditiis ea culpa consequatur non enim eveniet. Aut dolores ea pariatur qui. Totam ipsam voluptates nisi nemo odio vel voluptas. Eum nostrum similique eius perspiciatis consequatur voluptas. Aut fugiat eos aut quis. Et enim enim et. Ipsam itaque tempora occaecati. Id aut quo blanditiis esse eos temporibus rerum explicabo. In qui a dolores quo aut illo fuga. Dicta illo vel rem quia. Modi non autem itaque voluptate consequatur nobis. Ea ullam voluptatem et aspernatur assumenda. Et qui quia excepturi itaque. Quo explicabo rerum vel delectus occaecati. Dignissimos illo accusamus iusto. Rerum rerum aut blanditiis recusandae soluta aperiam.', '2021-11-01 12:15:18', '2021-11-01 12:15:18'),
(36, 23, 27, 'Eius ad accusamus necessitatibus. Nesciunt repudiandae cumque harum consequatur. Omnis perferendis dicta enim exercitationem vero explicabo tempore. Quas est minima vitae vitae officiis cupiditate. Autem enim error beatae voluptas asperiores tenetur. Consequatur rerum id ipsum quidem laudantium. Ut dolore nesciunt non impedit. Iure autem laborum amet nisi dolore. Occaecati et ab ipsa quasi quas aut hic. Doloribus voluptates rerum hic voluptas. Delectus quis id adipisci eos. Voluptatum sunt impedit et aut molestiae explicabo sapiente eos. Enim sed consectetur aut beatae ad voluptatem. Sunt repellendus nostrum suscipit pariatur dolores et iusto. Sunt sit provident est eius. Qui et id porro nihil. Nesciunt velit alias minus. Similique ea aut voluptas quos voluptas nulla veniam. Dolorem eos dolorem fugiat consequatur. Voluptatem repellat et distinctio eius at. Quidem a occaecati et aut voluptate deserunt cum a.', '2021-11-01 12:15:18', '2021-11-01 12:15:18'),
(37, 67, 13, 'Non veritatis est dolore omnis nulla ea impedit. Illum provident nesciunt nulla dolorem maxime. Similique sit est quia. Aut sunt id soluta quia. Ea est et autem dolore hic vel minima. Perferendis suscipit autem voluptas sequi quia impedit dolor voluptatum. Hic et dolorem eligendi eum. Possimus laboriosam distinctio aspernatur vel sit voluptatum facere. Voluptatibus autem qui consequuntur assumenda aliquid ut atque. Eius vero optio aperiam atque consequatur. Aut asperiores voluptate qui tenetur veniam omnis. Similique dolore sit in. Deserunt error ut repudiandae ut voluptate occaecati mollitia. Sed dolores voluptas nulla alias doloremque. Deleniti consequatur commodi nesciunt assumenda vel similique. Tenetur error officia officia totam non est ducimus. Inventore enim qui nemo amet soluta. Quia pariatur tempore quod assumenda dolorum. Consequatur aliquam perspiciatis maxime autem. Aliquid aut fugiat labore ut quae quia. Saepe ad itaque consequuntur.', '2021-11-01 12:15:18', '2021-11-01 12:15:18'),
(38, 24, 50, 'Totam dolor quidem eius suscipit. Aut numquam quia omnis quae optio. Nam sunt consequuntur odio nemo et eveniet. Cumque illo dolorem cumque dicta. Ducimus voluptas dolor sint voluptas facilis officia. Est praesentium enim qui qui ullam aut. Laboriosam id aliquam maiores id. Aut nihil occaecati nulla. Ex voluptas impedit consequatur dolores perspiciatis dolorum numquam. Nihil expedita vitae dolorem et et tenetur. Velit corporis unde laboriosam voluptatem vel. Dolorum tenetur repellendus quod esse architecto. Corrupti ipsa eos provident inventore sequi. Eos quas maxime ea et soluta. Rerum necessitatibus laboriosam tempora rerum repellendus ut assumenda. Nisi eum enim ullam eveniet earum sapiente id. Quod aliquid voluptatem sint corporis aut.', '2021-11-01 12:15:18', '2021-11-01 12:15:18'),
(39, 27, 27, 'Voluptatem nihil cum possimus modi id. Veniam molestiae et ut. Quod rerum maxime quis temporibus. Error omnis nostrum assumenda et omnis. Et fuga eum debitis ut est enim. Dolores consequatur saepe nulla occaecati magni. Labore perspiciatis ex deserunt nihil minus qui accusamus. Natus voluptatem expedita animi natus nesciunt impedit eos. Et quos possimus nulla aperiam sint ipsa nam. Quia voluptatem neque tempora consequatur iste maxime. Qui perspiciatis dicta beatae amet est. Natus voluptas maxime ducimus similique velit. Magnam aut in harum culpa temporibus et sed quos. Atque necessitatibus amet est eum fugiat explicabo non. Voluptatibus laborum voluptas ipsam ut consectetur iure et. Optio adipisci velit voluptas iste ad. Saepe accusamus minima itaque assumenda est soluta illum. Eos voluptatum non velit. Voluptatem aperiam sed et qui odio quia provident ea. Ipsum culpa consequuntur molestiae cupiditate.', '2021-11-01 12:15:18', '2021-11-01 12:15:18'),
(40, 31, 45, 'Adipisci laborum possimus temporibus ad dolor sit. Eos doloribus asperiores aliquid omnis. Eos dolore itaque et incidunt. Fugit tenetur et a est. Laborum qui est rerum dolorum autem omnis maxime sed. Rem et explicabo et cupiditate necessitatibus maxime. Cupiditate ratione iure ut quidem. Pariatur hic occaecati ipsum quis beatae nulla. Est sunt eaque quis aspernatur. Non quia quaerat nemo eaque vel perferendis odio voluptatem. Accusantium porro aut nihil aut. Accusantium culpa vel consequuntur non placeat. Vero ut minima magnam nisi quod. Consequatur non omnis consequatur. Dolore voluptate et et officia quibusdam veniam. Porro optio eos maxime qui accusamus odit. Et est debitis possimus repellendus repellendus accusantium dolor. Beatae corrupti ipsum laudantium aperiam delectus nihil et. Molestiae voluptas placeat veritatis ut in et ab. Pariatur quod illo laborum aut et ea. Voluptatem repudiandae ea perferendis consequatur molestias voluptas unde. Sed omnis autem est molestiae.', '2021-11-01 12:15:18', '2021-11-01 12:15:18'),
(41, 17, 49, 'Quis amet ullam sequi debitis voluptatum est. At veritatis vel sunt eum rerum ex mollitia. Delectus vero excepturi saepe. Rerum quaerat deleniti dolor adipisci in. Dolores pariatur hic cumque qui ducimus similique. Est omnis perferendis nisi odit. Autem asperiores qui corrupti quaerat asperiores molestias laudantium. Fugit officiis fugit culpa ut occaecati facilis totam omnis. Placeat ad voluptatum et saepe cumque. Ut ipsam ut at consequuntur voluptate porro perspiciatis. Unde voluptas dolorem repudiandae. Dolor possimus quis minus expedita. Numquam saepe molestiae officiis fuga. Sed quisquam cupiditate saepe laborum. Aut aut est rerum sit. Mollitia eos inventore sapiente saepe saepe. Laudantium quibusdam consequuntur molestiae et nam quo enim velit. Quia consequatur sit in voluptatem excepturi est mollitia. Voluptatibus qui est quibusdam rerum.', '2021-11-01 12:15:18', '2021-11-01 12:15:18'),
(42, 67, 46, 'Esse dolor beatae est sit qui. Quo commodi magni dignissimos unde tenetur in. Autem voluptatem alias ab sit rerum placeat. Temporibus dolor ea cum doloremque omnis nobis. Voluptatibus delectus quis omnis fuga. Voluptas impedit voluptas ab. Voluptatem fugit totam sit eaque nemo voluptatibus necessitatibus sunt. Dolorum ipsam nostrum dicta eveniet quasi consequatur totam. Iste natus nesciunt reiciendis. Placeat sed facere sunt voluptas neque architecto. Quam nemo ad ipsa corrupti ducimus aperiam. Accusamus delectus expedita autem labore nulla. Et cum voluptatem voluptatem soluta accusantium. Omnis est amet commodi et sed officia. Ducimus dolorem officia error cumque illum. Consequatur enim eos at officia in voluptatem illo sequi. Quasi delectus unde temporibus. Molestiae asperiores dolor libero id molestias. Et ducimus illo et quia repellat. Esse cumque omnis recusandae nemo consequatur ex.', '2021-11-01 12:15:18', '2021-11-01 12:15:18'),
(43, 26, 42, 'Rerum voluptatem eos et impedit maiores. Deserunt et sit id amet aut. Omnis recusandae numquam modi. Aut nulla qui dolorum magnam occaecati. Neque consequatur aspernatur temporibus assumenda est est. Beatae quam blanditiis sit. Et laudantium et error vitae omnis. Aut minus quia in dolor ratione ipsa sapiente. Quae id sed rerum numquam voluptatibus. In deleniti qui similique et vel eaque laboriosam. Consequatur qui doloremque sint ex voluptatum. In inventore libero minima est dolor tempora. Molestias voluptatem et magnam officiis ut. Doloribus molestiae eius sequi ratione tenetur. Quos maiores accusantium quo est non numquam. Minus rerum numquam tempore ipsum magnam cupiditate voluptas. Ex minus repellendus deleniti corrupti. Sint quam aliquam et est et hic fugit temporibus. In perspiciatis autem doloribus sequi iste totam. Asperiores voluptates molestias provident ut quis perspiciatis ut. Corporis doloribus repellat cumque occaecati libero expedita eos quia.', '2021-11-01 12:15:18', '2021-11-01 12:15:18'),
(44, 29, 9, 'Praesentium pariatur placeat aut quam nobis. A est facere omnis quo. Ea perferendis et magni repudiandae quia vel. Neque voluptatem corporis quae perspiciatis quod tempora. Adipisci voluptatem voluptatem temporibus placeat ex. Itaque laborum quia minima numquam. Suscipit sint recusandae est. Incidunt qui sint vero consectetur debitis in necessitatibus molestiae. Sed minima est fugiat ea sed. Architecto vel doloribus odio ullam quia ullam. Ducimus aut enim omnis sit. Blanditiis aut consequatur est asperiores quia ipsum qui. Qui nihil consequatur voluptatum sit. Ullam quos exercitationem dicta veritatis architecto vitae corrupti. Excepturi architecto nam esse optio voluptas suscipit ad. Architecto et numquam iusto voluptatibus voluptates nam nostrum. Unde facere at necessitatibus expedita modi autem. Laboriosam dolore quasi est distinctio. Et in repellendus minus mollitia necessitatibus.', '2021-11-01 12:15:18', '2021-11-01 12:15:18'),
(45, 34, 13, 'Porro aliquid totam nam veniam ut deserunt. Aliquam non qui omnis ad. Et rerum placeat exercitationem earum est itaque. In voluptatum dolorem aut adipisci quae molestiae. Est incidunt et placeat praesentium. Accusamus occaecati non eos id quos placeat. Ea ex dolorem dicta voluptatum non deleniti. Dolor et id et quasi quia autem consequatur. Quis incidunt libero quod id corrupti. Id at ea amet velit. Rem incidunt dolor culpa pariatur delectus amet odio. Sequi inventore reprehenderit beatae voluptatem facere. Consequatur fuga asperiores similique quia omnis aut et. Fugit aspernatur voluptatem dolorum rem veniam at. Pariatur explicabo deleniti at provident sint ducimus. Vero debitis deleniti beatae. Doloremque incidunt voluptatibus in autem eveniet magni. Repudiandae optio assumenda nihil ducimus esse deleniti natus. Exercitationem ea illo explicabo accusamus. Sit omnis dolorem eum unde soluta accusantium. Dolorum illum aut quia voluptates. Numquam consectetur sed et et.', '2021-11-01 12:15:18', '2021-11-01 12:15:18'),
(46, 46, 22, 'Et et non sit alias sunt blanditiis delectus. Rerum provident nam quaerat molestiae consequatur. Ut qui rerum doloribus dolorum. Itaque laboriosam ut quia natus repellat. Ut harum quod velit reprehenderit non aspernatur temporibus. Blanditiis et tempora voluptatem aspernatur. Ipsam non incidunt repudiandae in laboriosam molestiae. Quasi ut esse enim distinctio ut ut ut. Distinctio aspernatur nobis reprehenderit voluptatem dolorem quis alias. Laborum possimus saepe et et iure. Rerum sed eos voluptatem quia. Et et eum cumque dolores. Quo sunt ipsum commodi perferendis. Eveniet et quis dolores veniam. Et et vel minus. Perferendis amet quae ea corporis rerum. Est harum nesciunt modi sapiente. Sed illo aut cumque vero explicabo rem est corrupti. Labore dolor commodi dolorum voluptas sapiente praesentium necessitatibus sit. Est at quis sed vel est et. Et sunt esse iste illo ut fugit. Magni et a totam est ipsa. Occaecati sit quod vero quis beatae et.', '2021-11-01 12:15:18', '2021-11-01 12:15:18'),
(47, 1, 12, 'Aut repellat eos deserunt recusandae suscipit tenetur. Quae magni sit error blanditiis deleniti eius. Esse illo est delectus delectus. Sit non tenetur dolores. Expedita quam repudiandae vitae consequatur. Nostrum aut molestiae dolorum quidem commodi aut aut ex. Ipsa omnis beatae excepturi tenetur qui. Corrupti vel voluptatem ut dolores. Omnis minima velit ratione doloremque enim. Voluptatem et voluptatem excepturi ut. Quaerat quae minus in ullam in. Suscipit quia qui totam sequi commodi non. Accusantium vel ab molestiae quo porro aliquid fugiat. Nulla dolorem non id et dolores perspiciatis nihil. Dolores est non consequatur. Temporibus praesentium corrupti consequuntur dolor perspiciatis ut quis expedita. Velit alias labore aut. Quas dolores et nesciunt ratione modi voluptas. Et rem velit sint vitae ut labore ut reprehenderit. Voluptas enim perspiciatis quam aut.', '2021-11-01 12:15:18', '2021-11-01 12:15:18'),
(48, 46, 37, 'Corporis quam fugit error libero nam non cupiditate. Temporibus corrupti voluptas minima aspernatur. Ut facilis enim soluta quae et rerum perspiciatis. Beatae reprehenderit labore est sequi quod sunt voluptatibus. Nulla dolores et dolore exercitationem iure. Pariatur et officiis rerum accusantium quae sit dolore. Sed quo eum facere. Laborum possimus laborum dicta id. Eos facilis fugiat necessitatibus pariatur dicta. Exercitationem nam enim tempora rerum. Occaecati sed at nobis. Molestias pariatur repellendus excepturi incidunt adipisci et eum. Eaque quia ipsum veniam deleniti at. Quia sit quis sapiente consequatur labore repudiandae. Eveniet ut praesentium rerum occaecati aut voluptatum voluptates culpa. Aut nam voluptas consequatur et sit autem enim. Iure perferendis qui aliquid sunt aut. Quaerat aut in aut assumenda veritatis. Perferendis non corporis et magnam. Quod expedita commodi in quod accusamus repellendus vel consectetur.', '2021-11-01 12:15:18', '2021-11-01 12:15:18'),
(49, 21, 50, 'Vero repudiandae ut quia pariatur cupiditate velit culpa aliquam. Deserunt minus voluptates et explicabo suscipit omnis ut. Vero cumque ut sint voluptate molestias. Ut omnis non possimus totam. Vitae quod est dicta eveniet. Et fugit sit dolores sint vero. Culpa voluptatem et et. Eos fuga et quaerat sed omnis est. Fuga dolorem vitae fuga neque sit. Laudantium ut odit quisquam hic. Repellat nobis atque saepe aut hic dolor qui. Voluptas molestiae veritatis et eius. Sit et non et maxime cumque necessitatibus quidem. Eos tenetur voluptatibus ex consequatur. Vel deserunt quisquam repellendus non dicta nulla. Est quod perspiciatis deserunt. Et delectus veniam voluptatem quasi perferendis quia numquam quidem. Consectetur delectus qui aut cum incidunt sed. Vitae quia architecto nihil qui labore voluptatibus dicta assumenda. Consequatur rem dicta occaecati molestiae. In perferendis eaque qui dolor ut.', '2021-11-01 12:15:18', '2021-11-01 12:15:18'),
(50, 51, 11, 'Est quia voluptas et cumque sint. Dolor placeat quo aliquid exercitationem beatae sapiente assumenda. Voluptates debitis quaerat quia et omnis iure qui. Veniam pariatur nobis quam est ratione rem exercitationem qui. Sit dolore repudiandae aut pariatur hic dolorem debitis. Eum tenetur dignissimos autem vel non. Soluta dolor delectus eos ipsa ex ut perferendis. Earum iure et et amet. Voluptate aliquam rerum sit voluptas quam rem aut rerum. Doloribus reiciendis illo quia quod sed inventore laboriosam. Sed minus reprehenderit consequatur. Cupiditate officia et quia. Tempora ex omnis illo consectetur voluptatum labore qui. Et officiis tempore ullam. Iste dolores quam maxime et asperiores. Voluptas praesentium ut qui est ut vel. Magni aperiam minima amet sit vel temporibus perspiciatis. Incidunt numquam reprehenderit sed ab. Non tenetur rem sed minima autem ea. Eligendi veniam maxime quia fugiat rerum rerum. Voluptates aut voluptatem consequatur corrupti non nam expedita.', '2021-11-01 12:15:18', '2021-11-01 12:15:18'),
(51, 60, 43, 'Et fugit minus repellendus optio sit quod. Reprehenderit sunt enim aliquam est non esse. Aperiam eveniet maxime est molestias. Perferendis iure at repudiandae molestiae. Consequatur necessitatibus quia et ea et expedita qui. Animi corrupti aperiam odio est debitis dolores a. Non voluptas rerum et rerum. Debitis soluta eaque veniam aperiam. Exercitationem ut facilis corrupti nesciunt ab architecto commodi. Aut necessitatibus delectus id rerum iste. Nihil nostrum consectetur quis in adipisci quam et. Quos id aut aliquid ex. Impedit fuga quas odio similique. Sed itaque qui sed rerum. Qui aperiam iste eos iusto est exercitationem. Doloribus quos quam pariatur nisi maxime. Consequatur doloribus ab nobis iusto. Et optio eligendi sapiente vitae. Officiis eligendi ullam minus mollitia rem dolorem ut. Doloremque tempore et velit quidem. Incidunt facere fugiat dignissimos animi illum voluptatem. Illum voluptas fugiat autem.', '2021-11-01 12:15:18', '2021-11-01 12:15:18');
INSERT INTO `comments` (`id`, `post_id`, `user_id`, `body`, `created_at`, `updated_at`) VALUES
(52, 54, 21, 'Beatae sed enim velit dolores. Quidem voluptatem tempora eum laudantium sed. Soluta beatae soluta voluptatem iure. Cumque qui aperiam provident. Non quaerat et facilis qui sit quibusdam. Et saepe autem totam eaque facilis. Et id minus labore hic. Nisi quos vitae distinctio repellendus maxime est. Sit asperiores autem dolor animi est. Quia sit nihil id eveniet temporibus nemo. Aliquam velit ullam fugit ea asperiores. Odio error dignissimos voluptas minus aliquam repellat tempora voluptatem. Tempora hic at quis similique dicta. Rerum delectus sint autem sint ipsam debitis rem. Aut ut totam quasi numquam consequatur totam. Reiciendis velit et atque cumque. Impedit nemo quidem modi et alias. Consequatur rerum cupiditate magnam omnis quis molestias qui. Voluptas enim dolores dolore suscipit nulla. Sapiente corporis aut qui quae.', '2021-11-01 12:15:18', '2021-11-01 12:15:18'),
(53, 47, 49, 'Rerum minus autem voluptas dolorum amet. Consequatur molestiae in velit doloribus molestias dolorum rem. Labore tempore cupiditate beatae est explicabo eum. Quo eum aut voluptatum et molestiae rerum. Labore sit iusto hic non corrupti dolores. Et iusto minima perspiciatis ipsum. Nihil sunt est dolorum cumque et accusamus eius et. Rerum laboriosam nemo possimus illo qui non. Qui et et aut aut esse assumenda. Quaerat voluptatem perspiciatis rem itaque enim ea. Quis facere officiis quaerat sed rerum architecto voluptatem. Commodi neque eaque unde aut. Ipsum ab fugiat accusantium. Enim vitae ex nihil est quidem ut ullam voluptate. Dolorum voluptas veritatis sed. Rerum nobis nobis officiis veritatis fugit optio. Aut mollitia illo dolores ullam atque amet. Ex aut repellendus esse voluptate voluptatem. Pariatur veniam est vel provident magni ipsam. Sit quis quia eius dolor vel optio aliquam.', '2021-11-01 12:15:18', '2021-11-01 12:15:18'),
(54, 24, 49, 'Omnis culpa pariatur qui libero sed quo rerum. Impedit provident non doloremque non est cupiditate et. Vel sit ea tenetur est. Eos voluptas iusto magnam impedit odit quia. Voluptatem facere voluptatum blanditiis laudantium id debitis sapiente et. Eius iure ut perferendis ut voluptatem id veniam. Odit at atque ut. Neque rerum quis vel voluptatem ratione. Culpa officiis nam laudantium vero praesentium qui quos veritatis. Commodi sed eveniet laborum libero laboriosam ex temporibus delectus. Et delectus dolores quo accusamus quis ut aut. Animi sapiente minima quaerat vel fugiat molestiae. Magnam nulla quas consequatur molestias et. Voluptas inventore ipsam ut et non. Voluptatibus quod voluptas sunt sed. Qui illum sit maiores deleniti aliquam voluptatem sunt. Non unde sed ducimus amet et qui distinctio. Error est autem sequi eum doloribus. Excepturi molestiae sunt nobis itaque quam minus. Excepturi totam molestiae eum molestias est sit.', '2021-11-01 12:15:18', '2021-11-01 12:15:18'),
(55, 28, 30, 'Est est accusamus eius dolor porro temporibus eum eos. Delectus nemo recusandae ab repellendus fuga eligendi. Optio officia est officiis reprehenderit. Eius vitae excepturi fuga et. Porro non quos id. Maiores corrupti voluptatem ut sed ut perspiciatis. Ut corrupti consequuntur omnis quisquam vel tempora. Saepe et dignissimos eos porro. Alias at voluptates quis quo sequi. Doloribus sed ducimus sit veritatis voluptatibus ea. Enim rerum asperiores nostrum quia cupiditate odit blanditiis neque. Dolores consequuntur incidunt rerum dolorem optio consequuntur voluptas. Quibusdam tempora labore distinctio. Odio earum quo voluptatibus est possimus. Sunt quia enim et minima. Sit quidem quis reprehenderit non aut est incidunt. Adipisci fugit alias autem sed amet. Aut ut enim quibusdam itaque quod fuga. Tempora cumque unde qui qui aut quam perferendis incidunt. Reprehenderit veritatis ipsam ad veritatis ipsa deserunt ipsum.', '2021-11-01 12:15:18', '2021-11-01 12:15:18'),
(56, 50, 27, 'Sequi voluptatem minus libero assumenda. Est fuga repellat qui mollitia odio porro repellendus autem. Quisquam est aliquid ea qui amet. Nesciunt et dolores eveniet hic cum atque debitis. Incidunt mollitia optio omnis temporibus. Id libero iusto nobis laborum soluta sapiente et. Et et excepturi laboriosam esse. Amet et rerum nisi dolores non sequi earum. Illo impedit impedit rerum voluptates eos. Consequatur voluptas quas quis alias et expedita accusamus ut. Sit velit ea eum in dolorem adipisci esse. Consequatur quo corrupti voluptatem ut et voluptas. Incidunt quasi qui in. Iure ut et ullam sint laudantium ratione necessitatibus. Quo doloremque nobis nam tempora neque. Incidunt officia in excepturi. At ea tenetur qui aut. Optio aut qui quam distinctio culpa qui quos omnis. Quia dolorum qui similique eos dolor sit sed facere. Maiores et quia et maiores error excepturi. Autem quasi possimus eveniet.', '2021-11-01 12:15:18', '2021-11-01 12:15:18'),
(57, 10, 3, 'Inventore dolorum totam sed ea. Nemo optio voluptatem amet sapiente. Ut sint sapiente aut est. Saepe fugit odit natus autem consectetur. Voluptas dicta expedita velit nam saepe cupiditate. Natus fuga officia aut explicabo et. Repellat corrupti aspernatur ut enim. Tempore corporis vel ex consequatur eos. Culpa id ut perferendis ut voluptatem quia. Nulla quidem dicta harum minima magnam amet sunt. Voluptas dolor corrupti saepe numquam voluptatem quis. Ad et eum nihil ea accusamus nemo nisi. Voluptas voluptas maxime tempora quaerat vero quia. Dolores sunt eligendi doloremque. Omnis occaecati ex odit autem. Quis molestiae quia voluptatem aspernatur harum. Omnis et et dignissimos. Consequatur id quidem dolores dicta quod. Officiis voluptas incidunt consequuntur iure est. Eos consectetur molestiae deleniti nihil corporis fuga nemo. Facilis ex et rerum earum quod. Ipsam consequatur perferendis aliquid natus illum saepe. Cumque et aspernatur dolorum dolorem sequi qui.', '2021-11-01 12:15:18', '2021-11-01 12:15:18'),
(58, 61, 34, 'Voluptas nihil sunt mollitia rerum. Aliquam amet explicabo explicabo hic aut soluta. Sint dignissimos omnis odio. Aut fugit culpa qui ab pariatur facere ad. Vel et sit culpa consequatur. Recusandae tempora totam recusandae qui qui dolores iure voluptate. Deserunt nam delectus sapiente placeat praesentium tempore rerum nesciunt. Aut nemo tempora laboriosam odio incidunt magni. Qui nisi nesciunt repellendus veritatis corrupti quia. Occaecati nemo accusamus atque dolore porro deleniti magnam nemo. Dolores dicta quaerat quae velit iusto. Illo nobis quibusdam ut. Eius magni sed soluta tenetur. Quas rem vero fugit sunt nostrum rerum molestiae. Qui sed occaecati aperiam iste delectus. Ipsum hic ut ut veniam aut. Quam aut eius aut tempora voluptatem hic omnis. Qui nemo voluptas ab minus. Sit facere doloribus laboriosam quidem in eveniet quae quae. Nam veritatis atque aliquid esse eum hic soluta quia.', '2021-11-01 12:15:18', '2021-11-01 12:15:18'),
(59, 57, 45, 'Et aut dolorem ut voluptas accusamus. Labore voluptatibus debitis ea laboriosam quibusdam. Ut quaerat facere aut atque saepe. Saepe id et vel tempora. Aliquid expedita voluptatum saepe omnis quos. Ab et culpa enim reiciendis enim non. Blanditiis minima id est debitis quis explicabo nobis. Voluptatibus perspiciatis qui molestiae earum. Fugiat assumenda rerum possimus. Aut aliquam blanditiis in perferendis rerum. Sed iusto rerum et amet. Et cum ad quidem occaecati tempora. Molestias laudantium sequi perspiciatis alias illo nobis nulla. Minus autem consequatur accusantium tempore omnis magnam. Quasi ipsum neque ipsa nisi quos. Provident veritatis quod hic quos beatae laborum omnis. Ea iste praesentium corporis ex et. Ut natus eum aut occaecati alias error cum. Officia voluptatem iste quidem itaque maiores rem. Consequatur ex eveniet recusandae nisi. Temporibus quo adipisci perferendis impedit et nemo at. Est itaque doloribus mollitia aut. In et alias ut fugit.', '2021-11-01 12:15:18', '2021-11-01 12:15:18'),
(60, 59, 24, 'Nam eveniet quis ex dolores qui deserunt blanditiis. Voluptate soluta soluta quaerat dignissimos. Magni exercitationem sunt vitae autem ea voluptates quis. Cupiditate repellendus asperiores nulla voluptas. Aliquid aspernatur et autem enim non dolorem fugit. Ea animi id dolorem maiores. Optio nam culpa ratione quae veritatis officiis incidunt et. Sed omnis eum omnis occaecati architecto. Dolorem quaerat quasi enim ut. Nemo et porro maxime ut vero hic accusamus. At et ea laboriosam nostrum aut similique quos dolores. Perferendis qui ad nostrum ipsa laboriosam magni enim dolor. Exercitationem quisquam quam unde necessitatibus ut sapiente nulla. Quia illo est delectus voluptas. Sapiente rem ducimus voluptate a. Eum aut quia et voluptas eius. Nihil impedit aut recusandae non. Distinctio dolorum eius et magni iure ab veniam. Illum aut modi aut pariatur nesciunt rerum. Et illo excepturi voluptas dolorem eveniet.', '2021-11-01 12:15:18', '2021-11-01 12:15:18'),
(61, 39, 15, 'Commodi quia velit itaque consequatur. Officia autem eos odio culpa qui. Ullam quia consequatur commodi consectetur est doloremque. Sed est aut animi aut consequuntur accusantium dolorum. Magni voluptas odit sunt quo cum sed est. Eum quia autem ut quaerat dolore et dolorem. Id amet et consequatur veniam vero excepturi nisi. Sed est vero voluptas. Neque placeat voluptatem quam ullam officia. Harum odio eaque est quas ipsum officiis hic. Mollitia modi accusantium aspernatur earum qui quia ut. Quos officia dolores distinctio maiores. Tempora veritatis quos dolorem ut velit quia. Harum recusandae quis et est impedit doloribus. Magnam occaecati quibusdam aut eum eveniet rerum ut. Animi facilis architecto est quia cupiditate ipsum ducimus est. Earum unde accusamus aut cupiditate qui vel ut blanditiis. Sit repellat et voluptas dolorem.', '2021-11-01 12:15:18', '2021-11-01 12:15:18'),
(62, 21, 39, 'Alias voluptas assumenda voluptatem quis illum. Eum ut maiores vero non fuga ducimus aut. Harum vel quis fugit asperiores perferendis omnis. Ea quis recusandae et sed qui. Maxime voluptatem natus quisquam voluptas. In non vitae sint numquam. Et rerum quo consequuntur nulla ut facere voluptates sit. Enim eos recusandae aut vitae nobis architecto. Nobis officiis aut quia autem. Est labore odit pariatur aut illum aut laboriosam voluptate. Eveniet ut qui vel et quod. Dolor occaecati quasi accusamus maiores. In ipsam dignissimos consequatur consequuntur aut. Et distinctio nisi qui. Totam doloribus corrupti quae molestiae quia placeat at. Eius consequatur et dicta deserunt pariatur perferendis est. Temporibus inventore ut minima expedita. Rem sed exercitationem et qui dolorum dolorem. Non quo consequuntur sed neque explicabo soluta nesciunt.', '2021-11-01 12:15:18', '2021-11-01 12:15:18'),
(63, 52, 11, 'Officiis quia beatae dolor itaque et labore. Architecto tempora aut eum deserunt. Sint reiciendis rem officiis vitae sit. Nihil ipsum ut libero id rem minima. Ea commodi molestias mollitia nobis velit ad. Ut maxime doloremque eos expedita corrupti molestiae est. Eius inventore fugiat hic id sunt. Magnam quis omnis fugiat hic. Blanditiis pariatur sit repellendus aut ab expedita. Culpa molestias nihil sit facere. Velit reprehenderit optio qui ex id illo. Voluptas esse assumenda accusantium quibusdam sed voluptate. Rem rerum odio aliquid est vero qui temporibus saepe. Quidem fuga eum est et nisi commodi nam. Et enim est ea cumque. Quidem error voluptatibus nihil illo. Adipisci saepe quas et molestiae nihil assumenda suscipit. Fugiat et hic et eum porro repellat ut non. Esse occaecati molestiae laborum excepturi doloribus iure. Minima accusamus et facere id voluptatem hic. Quibusdam consectetur ea non deserunt. Omnis id voluptatem optio quae qui. Soluta tempore sit sit aut.', '2021-11-01 12:15:18', '2021-11-01 12:15:18'),
(64, 70, 42, 'Ut laboriosam suscipit maxime vel excepturi libero sequi. Qui quisquam molestias consequatur quia. Explicabo voluptatem libero molestiae et quibusdam voluptatem. Officiis accusantium et excepturi et et ut. Est eligendi aut cumque vero. Sint voluptatibus nemo officiis. In numquam et autem. Illo ea ducimus iure atque quisquam. Quaerat ipsa quisquam sed. Qui et ratione qui aspernatur. Est magnam non saepe nesciunt dolore ipsum. Tenetur ex saepe dicta velit deleniti dolores. Et eum autem in quia. Enim incidunt quia iste esse. Voluptas et et vel consequatur quasi. Recusandae dicta ut minima consequatur cum velit. Doloremque cum voluptas dolor voluptas. Non voluptas magni qui modi cupiditate. Tempora perferendis non et ab adipisci nihil tempora exercitationem. Nam doloremque magni dolor delectus eos. Veniam dolorem recusandae eligendi ratione. Et illo voluptatem dignissimos sunt aliquid voluptates eaque dignissimos. Nostrum reiciendis dolorem error dolorum ex.', '2021-11-01 12:15:18', '2021-11-01 12:15:18'),
(65, 35, 6, 'Perspiciatis et in velit et rerum fugit. Reiciendis laborum quod nam accusamus maiores. Ipsam explicabo ut voluptatem ut. Sit dolorum ipsum nisi et. Qui et officia quas et saepe ut. Et sit labore et eaque quia ut dolor. Aliquid rerum rerum quisquam modi commodi error vel. Aspernatur libero minima non et. Placeat architecto in est commodi ut sit. Magni eaque officiis nihil minus necessitatibus eaque aperiam. Eos repudiandae quidem rerum vitae ipsum. Autem rem veniam saepe omnis asperiores. Vel quo autem sunt dignissimos magnam. Sed mollitia sit eum voluptatem distinctio. Ducimus non ipsa dolorem voluptates vero. Dicta ipsum voluptas aperiam molestiae. Inventore ex voluptatibus nam ut odio et. Sequi recusandae omnis quis sed aut omnis qui. Nesciunt aperiam fugit et non nemo amet voluptas. Impedit quisquam ut ut. Distinctio ut aut amet numquam dolores. Molestiae aliquid autem dolor in iste. Assumenda consequatur atque molestias incidunt ut atque ut.', '2021-11-01 12:15:18', '2021-11-01 12:15:18'),
(66, 58, 48, 'Similique porro dolor pariatur et. Aut incidunt dolores nostrum adipisci et. Laboriosam quae et nostrum et quam aut. Qui at laboriosam nisi odio. At et sed animi laboriosam dolorum. Delectus sit placeat officiis reprehenderit beatae. Est culpa voluptatem vel. Et magnam dolorem reprehenderit hic quaerat rem quidem. Nostrum qui est accusamus et et cupiditate ab. Id et labore et reprehenderit voluptatem. Ab assumenda dolor et quia occaecati consequuntur. Autem quam ad facilis mollitia eum. Et est rem sed dolores. Et quasi quia magnam fugit aut eius doloribus. Commodi quis voluptatem quisquam ipsum libero ullam. Est consequuntur perferendis repellendus quia sit itaque aliquam. Est explicabo quae est asperiores. Molestiae id ab amet sequi iste. Dolor unde quo minima id ab quis id. Saepe enim odio officiis neque. Mollitia id alias fugiat odit. Modi consequatur qui expedita excepturi necessitatibus quisquam animi.', '2021-11-01 12:15:18', '2021-11-01 12:15:18'),
(67, 38, 3, 'In aut quis blanditiis voluptatem molestiae. Quia asperiores autem blanditiis ea modi eligendi. Modi vitae inventore beatae est recusandae. Occaecati incidunt sequi in quis. Autem ut sit delectus molestiae sapiente et animi ea. Repellendus magni voluptatem enim pariatur eos iure. Odio asperiores qui commodi non impedit tempora magni. Quod excepturi quae velit tenetur aut occaecati reprehenderit. Adipisci omnis ut voluptate natus et. Est dicta maiores officia voluptas voluptatem est laudantium eos. Quisquam iure officia omnis aspernatur voluptatum aut repudiandae. Repellendus eaque eum dolore esse rerum. Voluptatibus quia praesentium quidem voluptatibus. Qui minima suscipit sit et perspiciatis velit ab iusto. Maxime quia assumenda esse nostrum. Nemo ipsum eveniet est consectetur.', '2021-11-01 12:15:18', '2021-11-01 12:15:18'),
(68, 58, 25, 'Necessitatibus voluptates harum sed voluptatibus. A fugit et similique ea dolorem. Dignissimos autem quia libero repellendus ut ipsa sunt. Quisquam odio in perferendis cum. Aspernatur cum doloremque est. Id blanditiis voluptates cumque mollitia vel velit possimus. Sit velit molestiae eaque sequi magnam optio nulla. Eos est quasi similique voluptatem et sed nulla soluta. Sed iusto sequi error id ullam. Itaque eum nesciunt cumque. Blanditiis qui quidem magni distinctio. Qui officiis animi assumenda debitis. Dolore et ipsam nam dolorem explicabo praesentium ducimus. Explicabo alias debitis et. Qui doloremque provident error repudiandae perspiciatis sed ut. Est reprehenderit deserunt qui corporis quisquam. Aperiam modi aliquid nihil minima. Ut est et eveniet sint officia. Distinctio quae dolorum ex. Earum voluptas assumenda libero eum provident. Consequatur est cumque quia in. Dolore pariatur quam aspernatur aut magni. Voluptas repellendus rerum nobis quisquam maiores laborum atque.', '2021-11-01 12:15:18', '2021-11-01 12:15:18'),
(69, 50, 38, 'Quia et perspiciatis a. Harum voluptatum ipsum quis adipisci quis delectus dicta. Numquam qui enim nemo eum. Tempore ut quae unde earum est enim rerum. Quod eaque sint nisi illo fugit quas magnam. Minus amet placeat consequatur animi eos vitae animi rem. Voluptate tempora rerum est est laboriosam. Quaerat velit qui id aspernatur tempore. Qui qui molestiae accusantium reiciendis ab optio laudantium earum. Dolorem cupiditate sed omnis sunt labore itaque dolorem et. Quia quod expedita excepturi vel. Aliquid commodi delectus eos molestias fugiat aliquam. Sit et ad quam aspernatur nulla est. Sit ut at nesciunt enim natus maxime doloribus. Delectus rerum voluptate ea suscipit. Neque aut eos corrupti officiis quaerat explicabo. Eius quae qui qui dolorem animi aut. Veniam magni fuga recusandae eos. Ut tempore facilis qui laboriosam quos a. Vero itaque labore aut.', '2021-11-01 12:15:18', '2021-11-01 12:15:18'),
(70, 37, 21, 'Minima iure nesciunt nobis sed itaque deserunt et. Magnam voluptatem sapiente aut consequatur qui. Consectetur repudiandae quidem est nesciunt facilis nesciunt dicta. Et voluptatum quidem aut ipsa quibusdam corrupti aspernatur. Itaque optio culpa fugit dignissimos. Aut reprehenderit velit non voluptatem autem aut excepturi blanditiis. Libero ad labore debitis labore iste corrupti omnis in. Officiis quidem aliquam eligendi qui nobis. Consectetur tempore quos nam odio laboriosam aut itaque. Labore ipsa voluptas ducimus quia repudiandae. Reiciendis ab qui enim reiciendis aliquid reprehenderit ea. Mollitia aut omnis at suscipit doloribus omnis consequuntur. Et laboriosam accusantium quo vel. At est sit ipsa sit aspernatur odio. Architecto voluptatem reprehenderit et et est animi quidem. Sint repellendus maxime explicabo voluptatem molestiae molestias asperiores. Quia ut cumque molestias reiciendis suscipit esse quas officia. Officia quia aut voluptatibus voluptas.', '2021-11-01 12:15:18', '2021-11-01 12:15:18'),
(71, 26, 15, 'Quos iusto aut sapiente maiores ea at in. Possimus soluta dolores vero. Nesciunt sapiente id molestiae maiores et et ut. Modi repudiandae minima qui voluptatem. Et et animi est ut mollitia illum tempore. Dignissimos voluptas omnis nemo nihil. Eaque et quaerat nobis laudantium aliquam itaque error. Et illo tempore cum. Deleniti cumque veritatis officia sit repellat quis. Natus vel sunt suscipit doloremque sed. Excepturi excepturi et odio voluptatem. Sunt quisquam nesciunt quisquam voluptatibus nobis rerum vero. Velit repellat cupiditate aliquam aut vel aspernatur magnam laboriosam. Recusandae quasi aliquid eaque sed ex et nostrum. Sit earum et sunt nihil fugiat. Sed vero velit est voluptas recusandae inventore. Veritatis laboriosam molestias quibusdam et voluptates cum. Eligendi ab at ut non aliquid asperiores ipsum illo.', '2021-11-01 12:15:18', '2021-11-01 12:15:18'),
(72, 19, 29, 'Inventore rerum et recusandae expedita magni. Dolores est voluptatem eum tempora eos. Aliquam voluptatibus magni omnis ut maxime. Dolorum ipsum et ex et totam eos voluptatem. Hic soluta ex delectus quia quam aspernatur. Maxime deserunt dolorem ut libero maiores rerum. Et aspernatur quo dolorum similique iure natus. Molestias at quia dolorem ab unde. Rerum quasi qui reprehenderit sequi. Eaque voluptatum architecto qui rem. Eius nulla voluptas eos quibusdam. Tempore qui aliquam quo eaque qui. Numquam cumque nihil eos qui provident maxime. Repellendus ex repellat eius eveniet aut et esse. Nulla facere quia sit illum qui. Voluptates maiores dolor facilis architecto velit. Odio exercitationem et delectus eaque officiis cupiditate. Dicta maxime perferendis in mollitia a facere ullam. Excepturi voluptatem facere officiis voluptatem. Mollitia eos reiciendis et quod dolores suscipit consequuntur voluptatum. Error adipisci consequatur quo expedita ducimus optio.', '2021-11-01 12:15:18', '2021-11-01 12:15:18'),
(73, 25, 36, 'Repudiandae qui dolores maiores. Explicabo autem debitis architecto delectus. Autem non ad nihil facere dignissimos officiis qui aliquid. Nihil dolorum qui distinctio earum. Dolorem repudiandae voluptatem et et quod est aspernatur. Consequatur sint perferendis odio accusantium autem. Quam impedit et rem odit officia. Aut voluptatem quas labore occaecati illo. Quis vitae aut et vero. Numquam placeat enim non nemo. In qui aspernatur quas dolores dolores non. Natus laudantium iusto fugit. Et magni autem et est cum dicta eaque cupiditate. Ea quaerat rerum iste numquam qui alias non. Sit fugiat non nam minus. Veniam blanditiis maxime consequatur veniam rerum voluptatibus. Doloremque voluptatem minima blanditiis vel. Odio minima quo nemo est. Voluptatibus quia vel repellendus molestias totam est molestiae. Modi quia dolores et culpa repellendus quas debitis ut. Eos nihil non rerum maxime. Velit asperiores fugit ut exercitationem id. Non nisi quidem possimus et.', '2021-11-01 12:15:18', '2021-11-01 12:15:18'),
(74, 11, 9, 'Non eius aspernatur hic accusamus ut tempora. Quidem ut dolorem nulla assumenda. Error voluptate omnis velit nihil. Dolorum esse eum eaque ducimus dolores. Asperiores eveniet sit optio assumenda iusto. Vel in dolorem velit consequatur consectetur. In aperiam at vero dolore voluptatem omnis cumque. Ad voluptate consectetur velit commodi libero consequatur. Laboriosam et incidunt repellendus quia esse quo culpa earum. Quia modi occaecati sunt illum perferendis. Explicabo quia est quaerat assumenda iste dolores dolor. Modi quibusdam delectus pariatur possimus. Quas consequuntur harum modi qui. Molestiae et non quia eveniet. Velit harum tenetur dignissimos sint maiores corporis. Et quo iure quo aliquam. Labore fuga pariatur tempore dolore perferendis. Occaecati quaerat dolores hic tempore numquam. Natus impedit suscipit recusandae fugiat. Itaque accusamus sit quae.', '2021-11-01 12:15:18', '2021-11-01 12:15:18'),
(75, 49, 17, 'Molestiae et et et enim eveniet ipsum. Vero dolor perspiciatis eius eaque inventore. Omnis dolores nihil voluptatem. Quia cum molestias in dolor animi enim. Consectetur sequi ex sit voluptatum quod voluptatibus quis. Doloremque ratione quos in sit. Qui magnam eius quia dolorem repudiandae. Qui eius nesciunt doloremque deleniti sequi et. Voluptatem aut dicta et ut deleniti tempore dolores repellendus. Maxime quisquam nobis rem dolores fugit. Voluptatum itaque rerum est et. Quia a veniam qui ut nulla accusamus earum. Consequuntur ad iure et hic in molestiae nisi. Necessitatibus nulla exercitationem harum et enim ut possimus. Totam sit minima pariatur. Fugit nisi sapiente fugit possimus corporis id. Aliquid eaque est sunt vel soluta illo. Nulla sed fuga et nostrum quo. Dolor eligendi doloribus qui quas. Architecto excepturi quo minima similique. Qui nostrum iusto quae et.', '2021-11-01 12:15:18', '2021-11-01 12:15:18'),
(76, 58, 4, 'Illo odit neque sequi repudiandae accusantium iusto saepe. Odit et assumenda rerum reprehenderit voluptas. Qui enim fugit similique voluptas quisquam sunt. Sit odit nobis nisi sapiente omnis. Perferendis quia est consequatur tempora voluptatum. Fugit quo deserunt sed consequuntur quaerat sunt aut. Excepturi quasi illo quod qui. Et et laborum tenetur soluta. Ad enim non consectetur voluptatem et. Fugit odio et et molestiae doloremque ut. Quam sit quia officiis beatae. Molestiae veniam officiis illo veniam error quam doloremque. Et ut quidem distinctio. Tenetur et in qui. Expedita cupiditate numquam earum omnis harum. Ullam aliquam occaecati dolorem. Non vel in ea et odit. Doloremque eius voluptates quis ut id. Ipsum omnis magnam eum autem. Non ab quia deleniti quia qui. Aperiam est aut amet voluptatem natus et perspiciatis. Unde nulla qui harum itaque reiciendis et. Quidem rerum et magnam laboriosam aut libero. Saepe omnis in modi sit natus.', '2021-11-01 12:15:18', '2021-11-01 12:15:18'),
(77, 52, 38, 'Eos quos natus architecto ratione ad ducimus. Voluptatibus natus et incidunt nulla. Labore dolor error voluptas in ut ut. Quisquam omnis velit aliquid delectus. Quia vel aspernatur reprehenderit iure nulla. Beatae et pariatur quia unde deleniti aut est. Nemo nostrum voluptatem voluptas nostrum nostrum et officia placeat. Natus saepe quibusdam illum ut. Nesciunt est libero id repellendus. Animi qui aut suscipit et. Quia vitae sint sit. Eum qui repellat rerum enim nihil quo pariatur aut. Mollitia eum qui odit neque. Quas doloribus adipisci reprehenderit aut cumque reprehenderit. Commodi velit ut aliquam expedita voluptatem ut. Saepe magnam modi facilis ut quibusdam et sapiente corrupti. Cumque quia possimus quia ex fuga modi. Impedit deserunt voluptatem possimus ipsum veniam quia. Excepturi voluptas ut ut voluptates nisi assumenda.', '2021-11-01 12:15:18', '2021-11-01 12:15:18'),
(78, 20, 5, 'Ullam doloremque et et quaerat rem accusamus. Iusto illum neque harum. Dignissimos sed totam quia sit in culpa. Eaque aperiam quod voluptas culpa deserunt perferendis sapiente. Est eos doloremque ut. Assumenda modi sit nesciunt sunt quia. Tempore sunt aut quo dolor pariatur consectetur ea. Voluptates est repudiandae ut suscipit suscipit. Laboriosam et tenetur aut aut. Debitis expedita quas ut. Qui quaerat a dolor repellendus ipsam libero dolorem. Consequatur ipsa et eos ipsam et aut omnis. Possimus rem voluptatem qui nulla autem. Eos et eius aliquid deserunt ad illum adipisci nesciunt. Sunt numquam eaque veniam et porro pariatur. Est error enim et possimus beatae reprehenderit vel. Et est cupiditate suscipit laborum at quas. Laboriosam sint tempore quaerat adipisci. Amet voluptate recusandae ut vel qui in. Voluptas non repellat ipsum eligendi architecto. Excepturi rerum dolorem velit saepe et qui et autem.', '2021-11-01 12:15:18', '2021-11-01 12:15:18'),
(79, 56, 7, 'Tenetur ut ut cupiditate eaque repellat. Et iure consequatur qui nam doloribus. Neque consequuntur modi voluptatibus veritatis consequuntur officiis. Esse inventore perferendis ut in eius fugit laboriosam. Ut reiciendis qui cum nisi repellendus. Vel ex explicabo distinctio. Et rem consequatur est possimus. Sed nihil ab tenetur exercitationem quos iure ex nesciunt. Ex fuga sed velit adipisci. Eum sunt a non quia veritatis delectus. Similique quia et labore quos. Aut magnam minus dicta ea velit. Nesciunt est minus perferendis quia et. Et non sunt quo. Exercitationem assumenda odio omnis id. Amet aut officia enim molestias sequi. Aut aut atque repellendus natus voluptatem voluptatem. Sint odio debitis odit ab. Tenetur alias ipsum dolorem autem consequatur. Eveniet qui porro et autem. Quae est consequatur hic alias et possimus. Quam dolores quae libero sed tenetur. Ut delectus dignissimos sequi nisi impedit. Nesciunt est ut minus aliquid impedit quia pariatur.', '2021-11-01 12:15:18', '2021-11-01 12:15:18'),
(80, 61, 3, 'Ex reprehenderit deserunt qui sed. Ea doloribus dolores temporibus qui voluptatem consectetur. Et asperiores et magni sint vero maxime placeat harum. Praesentium illum aut voluptatem qui qui modi assumenda. Aut explicabo dolore aut possimus. Enim similique dolore qui accusantium. Numquam perferendis impedit quam architecto quam deleniti aut voluptas. Beatae veniam dicta id officia nesciunt quisquam rem. Magnam aut voluptatem qui ullam consequuntur consequatur. Asperiores et quod aliquam nesciunt error sed. Veniam delectus voluptates assumenda quas placeat quis modi. Laborum suscipit est placeat cum. Nulla voluptatem consequuntur perferendis. Et repellendus et ut rerum. Ullam facilis ea debitis provident pariatur excepturi. Animi deleniti non temporibus aliquid nemo eos ad qui. Facere voluptas et rerum modi sed. Perferendis sunt cupiditate error perspiciatis qui. Cupiditate adipisci expedita natus quam ad adipisci aperiam. Qui omnis et id ipsa explicabo non.', '2021-11-01 12:15:18', '2021-11-01 12:15:18'),
(81, 29, 8, 'Est eum reiciendis quaerat et odit ut iure. Et rerum eum magni facere et. Quidem nemo dolorum velit veritatis sit. Dolores qui at rem et in vitae. Repudiandae voluptatem fugiat eum ut at omnis est. A non blanditiis quis mollitia laudantium. Pariatur qui voluptatem omnis ipsam. Ut harum dolorem beatae soluta non. Ducimus sed dicta possimus ab. Consequuntur atque occaecati magnam impedit animi vel voluptatem. Blanditiis ut consectetur eum. Iure voluptatem voluptatibus sequi voluptate voluptate id commodi aspernatur. Quis laborum beatae natus in nihil repudiandae. Voluptatibus ea quas natus provident. Velit corrupti beatae consequatur ipsum exercitationem ipsam et. Sint iusto voluptas vel voluptatibus id neque. Et corporis sed aspernatur. Earum nobis molestiae provident soluta itaque nulla. Harum est quibusdam et et. Quaerat quos laboriosam est.', '2021-11-01 12:15:18', '2021-11-01 12:15:18'),
(82, 17, 11, 'Quis omnis accusantium et aut esse alias commodi. Optio et et et ut maiores consequatur dicta. Voluptatem similique distinctio sequi et alias et. Sit sapiente eligendi omnis ipsum sequi cum. Eius dolores quaerat est quo quaerat atque ullam. Pariatur cumque et modi repudiandae officia eius tempora. Cumque ut sunt id enim voluptatem possimus. Fugit consectetur repudiandae veniam. Qui saepe accusantium cupiditate et dolore earum. Quos distinctio accusantium voluptates illum maiores. Similique sequi minus est earum culpa. Veniam neque molestias excepturi voluptas. Voluptas aut nisi amet quibusdam. Repudiandae rerum error cumque nesciunt velit assumenda. Fugiat expedita quia nisi voluptatum culpa molestias officia. Qui ullam aut quaerat at qui. Amet est eligendi ea a aut distinctio. Enim fugiat aut recusandae dicta autem enim. Dolore quas consequuntur et quaerat esse deserunt non.', '2021-11-01 12:15:18', '2021-11-01 12:15:18'),
(83, 3, 15, 'Molestiae repellendus illo alias. Architecto laboriosam tempore illum totam. Delectus et ab adipisci rem aliquam. Qui facilis dolores consequatur. At velit dignissimos voluptatem odit. Accusantium ad nemo consequatur sapiente ut ea sequi. Quas occaecati aspernatur quos ut. Ut veritatis inventore ratione est. Vel in esse quod non ut. Eos dolorem modi enim nam repellendus dignissimos iure debitis. Sed pariatur sit voluptatem saepe eaque aliquid corporis. Rem qui sapiente aut optio sapiente quia. Architecto ab quos rem suscipit molestias. Aliquid reiciendis et dicta numquam vitae voluptatem dolorem. Eum voluptas qui sequi ex eligendi. Hic est facilis praesentium consequuntur repellendus reprehenderit. Exercitationem eum occaecati nobis placeat. Delectus sit consequatur ut itaque soluta officiis in tempore. Minima atque facere quasi doloribus. Blanditiis laborum rem adipisci omnis veritatis officia. Voluptatum perspiciatis corporis eum assumenda sunt sit sunt occaecati.', '2021-11-01 12:15:18', '2021-11-01 12:15:18'),
(84, 17, 2, 'Est et dolores ullam dignissimos repudiandae aut. Qui doloremque et quam hic inventore. Fugit distinctio voluptas quo sit asperiores. Sapiente quia unde sit repellendus. Dolorem dicta repellat qui. Quasi a placeat ipsum itaque facere. Quis praesentium eligendi asperiores maxime qui nobis. Eveniet et est dignissimos consequatur repellat quasi ipsum possimus. Non eos nesciunt distinctio blanditiis corporis ipsam autem. Consequatur alias veniam ut accusantium saepe. Veritatis labore corporis et fuga. Iste iure quibusdam delectus totam ipsa voluptates. Tenetur delectus qui iure occaecati. Est omnis et voluptatem laboriosam exercitationem doloremque. Ea quasi quam ratione voluptatem quaerat blanditiis. Molestiae eos sequi eum adipisci consequuntur. Voluptate nostrum et culpa perferendis ut laboriosam.', '2021-11-01 12:15:18', '2021-11-01 12:15:18'),
(85, 16, 12, 'Voluptates velit ea minus ab. Amet sit minus suscipit corrupti eos temporibus. Aperiam est occaecati ab officiis. Animi aut fugiat adipisci illo iusto est. Aut molestiae et temporibus quos quos accusamus. Facilis sint ullam facilis dolor aut temporibus sapiente. Sed omnis culpa assumenda dolorem. Sed ratione aspernatur quisquam dolor. Fuga quo possimus et eum aliquam. Necessitatibus ipsam accusamus voluptas impedit. Omnis quis et inventore quaerat aut. Enim aliquid fugiat rerum nemo magnam reprehenderit. Fugiat magni molestiae qui. Molestiae quam repellendus saepe et. Adipisci est et quod incidunt. Voluptatem necessitatibus velit est reiciendis voluptas eaque voluptate. Cumque ducimus tenetur vel et sequi. Unde delectus nihil animi. Officia nemo velit sunt sequi et eaque. Odio iusto alias sint voluptatibus facere perferendis ipsa amet. Nostrum in aut id sit. Dolores eaque quisquam voluptates aspernatur dolores. Ullam placeat voluptas praesentium et.', '2021-11-01 12:15:18', '2021-11-01 12:15:18'),
(86, 64, 49, 'Ipsam distinctio laboriosam quaerat excepturi vitae. Nostrum aliquid et voluptas ex est sunt. Magnam ab quaerat pariatur nisi non. Id quae soluta aut dolor repellat hic nobis. Ut nam voluptate et. Quod qui quas vero ea voluptas aut quia. Veniam minus hic ipsa quam sit ullam. Totam quas repellat dolore. At recusandae eos vero sequi voluptas. Voluptas animi fugit unde sapiente molestiae at ut ut. Quia facilis sit blanditiis reprehenderit. Et et laborum sint rerum expedita. Mollitia soluta qui suscipit sunt qui suscipit. Iste fuga cum et eos libero aperiam. Et provident omnis earum repellendus repudiandae sit. Accusamus quae rerum voluptatibus est ab voluptatem. Sequi corrupti a est. Saepe ut quas est repellendus. Sint corrupti quisquam ut iure. Nemo quidem iusto in minus eum aut illum. Vitae officiis accusantium porro dolores aut rerum veritatis qui. Ratione fuga quasi quae aperiam et quod corporis. Ab corporis earum ut nemo sequi porro qui.', '2021-11-01 12:15:18', '2021-11-01 12:15:18'),
(87, 57, 39, 'Laudantium quo totam et suscipit ea beatae cum. Dolor itaque provident vero. Quae alias ipsa non rerum asperiores soluta. Odit porro illo incidunt unde. Quod cumque occaecati soluta autem accusantium. Quo rem quaerat voluptate id ad. Qui dolores omnis eum sed ut. Quia corrupti quo vero exercitationem qui vero. Voluptatem fugit rerum et facere et autem vel. Est molestiae aut est eos doloremque. Odit animi optio dolorum fugiat repellat soluta. Et odio delectus eligendi. Non iusto sunt est et. Itaque ducimus et rem delectus repudiandae dicta dolorem. Totam ipsa sunt quos doloribus. Nam dolorem quod aliquam neque. In corporis accusamus in rerum laudantium voluptatem. Veniam consequatur dolorem cumque. Repellat omnis voluptatum molestiae. Harum a impedit fugiat accusantium vel corporis harum. Saepe quae aut ipsa suscipit optio.', '2021-11-01 12:15:18', '2021-11-01 12:15:18'),
(88, 59, 4, 'Minus cupiditate sed quo rerum non eligendi recusandae. Id excepturi tenetur eius est nihil et pariatur facilis. Tempore provident voluptatem provident voluptates rerum corporis voluptate. Sint vero omnis quas ea molestias consequatur quasi. Est saepe aut molestiae porro. Eum aut ipsa eius aperiam odio deserunt praesentium. Aperiam minus perspiciatis placeat et itaque quis. Voluptas sed eligendi quo voluptatibus. Non occaecati deleniti assumenda dolorum eaque at. Praesentium iusto est laudantium mollitia numquam quia et consequatur. Ut voluptas unde itaque aut fugit vel nemo. Earum laudantium deleniti iure tenetur consequuntur. Ipsam rerum eos maiores sapiente. Ut optio aut quos doloremque. Est natus cum odio laboriosam. Molestiae adipisci minus et esse voluptatum soluta tempora. Consequatur eos nemo reprehenderit accusamus. Harum enim sit eum provident ut. Odit nesciunt non unde laborum qui voluptatem alias.', '2021-11-01 12:15:18', '2021-11-01 12:15:18'),
(89, 17, 46, 'Illum velit iure aut aut. Dolor eaque inventore repellendus laboriosam earum repudiandae eum. In aliquam recusandae est et. Eum accusantium facilis vel atque. Porro odio facere eos rem. Odio maxime est sed adipisci. Ea sunt occaecati sit aut mollitia dolorum voluptatem eaque. Sit animi rem maiores veritatis quia omnis qui. Dolorem asperiores ea fugit autem quia. Ut est iusto eveniet dicta. Quia esse ex velit ab. Perspiciatis ea quis odit vel sint ut est. Rerum aut eos sunt id. Aut qui totam debitis dolore id dolore. Accusamus blanditiis illo commodi. Sapiente molestiae eligendi magni exercitationem quia quae numquam. Nam praesentium explicabo aperiam animi qui. Iusto id expedita aut laborum. Similique minus eum non consequatur et et error. Omnis id fugit accusantium corporis quia. Repudiandae vel corporis ut ipsam qui esse necessitatibus a. Ratione autem sint quis est iste mollitia est. Aut dolor quo delectus id ullam. Suscipit qui maiores eligendi omnis fuga dolor qui maiores.', '2021-11-01 12:15:18', '2021-11-01 12:15:18'),
(90, 12, 2, 'Odio aut nesciunt tenetur dolores asperiores voluptates. Non sit sit velit. Aut ducimus voluptatum nihil neque architecto facere ut. Dolores consequatur laboriosam nesciunt repellat dolor sed qui ut. Debitis dolore voluptatum error distinctio. Sunt esse ut ab nisi et. Dolor est molestiae necessitatibus qui quia. Perspiciatis quae expedita provident. Sed consequatur aliquid quas perferendis assumenda aut accusamus. Minus voluptatem nostrum saepe odit ratione. Minus cumque voluptatibus nesciunt. Aut quia sit vitae aut et similique. Blanditiis cum facere aut quisquam non sed. Ut atque eveniet sed natus ab. Laboriosam nam recusandae praesentium rem. Similique dignissimos distinctio soluta deleniti. Deserunt fugit non molestias vero eveniet. Quis sequi dolores dolores. Vitae in molestiae ut deleniti perferendis fugiat. Odio consequatur magni ea veniam sint sapiente. Cupiditate reiciendis sit eum eius illum. Sunt fugit libero aut aut et aut dolorum.', '2021-11-01 12:15:18', '2021-11-01 12:15:18'),
(91, 67, 16, 'Et repellendus repudiandae sint eos. Ipsa ea harum dolorem quos. Nesciunt eum animi rerum rem quo. Iure dolore dolor sed quis rem. Similique officiis tempora ab nemo. Neque animi non aspernatur velit. Accusantium dolorem soluta rerum. Qui nostrum aut fuga perferendis maxime. Praesentium sunt dignissimos aut nisi quo placeat vel error. Est quaerat molestias iure consectetur quod facilis aliquam. Magni qui vel aut beatae. Dolorem sit repellat illo commodi laborum nihil repudiandae. Officiis similique voluptas doloremque nihil quia harum debitis. Unde corporis quia vel sit minima minima. Corporis omnis enim vero dignissimos eum. Consequatur ad amet aut ut ipsam consequatur. Facere sunt iste blanditiis dolor aut. Qui non repellendus rem voluptatibus ut veniam. Ut veritatis ad id nostrum esse doloribus. Molestiae aut velit dolores quis natus nulla. Veniam nobis autem quo sit sit ea eligendi. Qui sed laboriosam impedit molestiae quas. Omnis sapiente tempore et expedita nisi vel et.', '2021-11-01 12:15:18', '2021-11-01 12:15:18'),
(92, 31, 15, 'Et explicabo eaque modi non id aliquam ipsum. Fugiat eum qui soluta minus modi. Deleniti cum ducimus magni illo ut quos. Quisquam ut iste accusantium sunt culpa totam corrupti. Magni dolorem consectetur ut rerum repellat odio quo. Magnam amet occaecati omnis sint aut dolorem quia. Dolor et sint corrupti. Alias ex ipsam dolore cumque maxime suscipit earum. A molestiae vero ducimus alias in. Est sed nisi qui facere maiores. Et necessitatibus esse cupiditate in quis reprehenderit nesciunt. Sit blanditiis assumenda vel voluptas neque. Eligendi asperiores voluptas suscipit numquam non perspiciatis non. Enim consectetur veritatis officiis reprehenderit et velit. Consequatur sint minima occaecati adipisci et. Assumenda doloribus omnis tempore qui voluptatibus ex. Magni nemo quis est laudantium nisi. Consequatur ut nesciunt architecto voluptas recusandae. Aut corporis cum velit labore quam voluptates. Ipsa maxime sunt omnis ullam velit. Suscipit tenetur minima odit excepturi.', '2021-11-01 12:15:18', '2021-11-01 12:15:18'),
(93, 16, 42, 'Qui magnam ab corporis repellat. Eos ratione aut officia qui accusamus ut et. Voluptatibus autem a ut suscipit. Omnis culpa quo vel modi. Ad laudantium quam quis illum sit voluptatem. Omnis dolorem qui placeat placeat dolores dolores. Quis temporibus nemo quas. Voluptatum eum quod est necessitatibus enim et. Vel ut ullam sequi dolores quisquam reiciendis. Corporis sit et autem numquam laborum veritatis esse. Asperiores dicta consequatur voluptate ullam nam sed. Cum et eos harum quo rerum pariatur possimus. Rem voluptas numquam repudiandae ipsa voluptas fuga. Maiores et impedit nobis modi ea voluptatum. Laboriosam et quidem ducimus est quos. Nisi quia expedita ducimus hic magnam. Est quis similique quo earum. Omnis ut aut quaerat fugiat voluptatem consectetur. Nostrum in sed dicta sint expedita quas.', '2021-11-01 12:15:18', '2021-11-01 12:15:18'),
(94, 57, 21, 'Assumenda inventore ex eos quia deserunt. Unde expedita voluptatem ut saepe quia sed. Minus est reprehenderit corporis suscipit quisquam soluta. Ut culpa officia illum repellat magni eveniet quia. Animi ea et est. Culpa repellendus eum voluptas dolorum expedita cum totam delectus. Neque iure alias sequi voluptas assumenda doloribus. Vitae asperiores repellendus atque in quo veniam minima. Necessitatibus delectus et aperiam quo. Ut vero fugiat eum. Sunt et inventore ipsum consectetur. Magni est deleniti hic fugiat. Sint molestias voluptas a omnis impedit. Et molestiae rerum voluptatem iure qui. Facilis eos ratione tenetur facere ipsa ut. Itaque deleniti velit et quaerat aliquid dolorem voluptatibus. Qui debitis ut hic dolores. Dicta recusandae nobis quisquam temporibus. In ut est magni ea aut qui eius. Id sint sed in nihil qui. Corrupti harum enim culpa. Ea sit aut nihil reprehenderit perferendis eos. Et et eligendi aspernatur ex. Nisi nesciunt quo asperiores nobis dolores.', '2021-11-01 12:15:18', '2021-11-01 12:15:18'),
(95, 49, 25, 'Vitae omnis pariatur blanditiis vero adipisci consequuntur sed. Rem saepe enim amet blanditiis sed non. Corrupti quo est natus consectetur. Sapiente excepturi tenetur sed reiciendis sint minima fuga. Et hic amet sed. Pariatur vitae qui voluptatem minima facilis. Consequuntur non ut suscipit sit dolor. Ab unde dolorem ab voluptatem sit ea voluptatem. Tempora numquam ipsum non suscipit illum. Voluptatem id autem nemo sed. Et aperiam molestiae labore repudiandae. Dolores eum dolorum minima. Quia molestiae perferendis voluptas incidunt earum quo tempora. Necessitatibus est earum aspernatur et delectus quam. Facilis eum dolorem error deleniti vel. Quam ea et inventore et fuga temporibus. A pariatur sit eveniet repudiandae praesentium. Qui voluptatem quibusdam repellendus tempora natus. Id assumenda nulla ea autem. Quam voluptas harum alias.', '2021-11-01 12:15:18', '2021-11-01 12:15:18'),
(96, 19, 8, 'Quas optio molestiae explicabo quisquam. Non voluptates et officiis rerum esse totam esse quam. Vel non soluta est unde facere. Commodi molestiae consequuntur voluptas qui repudiandae. Sed quas aut quia odit. Odio illo mollitia nam dolorem. Commodi omnis qui incidunt et officiis accusantium voluptas. Cum fugit aliquid praesentium totam aliquid ullam sed. In soluta recusandae veniam ipsam aperiam quae molestias. Mollitia atque qui asperiores repudiandae sit quae. Mollitia atque aut ab rem doloribus. Ab eum nihil omnis et. Sed culpa aut dolor velit. Enim aut est ut explicabo omnis qui quis. Modi et vero quidem sed. Accusamus eaque officia sed iste aliquam omnis accusantium. Nobis similique est ducimus quod sit eaque. Dolorem suscipit nulla illo quam enim perspiciatis. Officia ut laborum ipsum quo ut quia. Excepturi et exercitationem tempore sequi quam odit. Deleniti incidunt itaque facilis eligendi et eos magni.', '2021-11-01 12:15:18', '2021-11-01 12:15:18'),
(97, 49, 14, 'Perferendis quibusdam error ea nisi vitae ea. Ut voluptatem quod voluptas veritatis quaerat. Culpa a nihil earum dolore dolorem quisquam. Molestias aperiam rerum mollitia ipsam hic. Qui est dolore necessitatibus soluta iusto. Perferendis autem laboriosam quos dolores sunt nemo. Laboriosam culpa similique qui veniam ad quod. Est magnam non eos. Dolorem qui rem aut autem vero et. Et est sunt magnam consequatur. Eum saepe harum vel saepe non tenetur in. Iste suscipit esse possimus nulla esse. Quis autem ipsam reprehenderit. In enim eveniet vel rerum. Rerum numquam at quia et dolor voluptatem. Minus odit vitae porro sint explicabo vero veniam esse. Ullam sint sit ipsa aut nemo. Voluptates fuga et fuga laborum dolores. Eum voluptatum eaque est.', '2021-11-01 12:15:18', '2021-11-01 12:15:18'),
(98, 33, 35, 'Sed nesciunt aliquid laudantium. Tempora magni quas fugit nemo eos dolorem. Ipsa inventore quod sint sed. Pariatur est et debitis non non aliquid porro unde. Et autem sunt maxime et adipisci. Repudiandae ut est eaque ducimus. Doloremque excepturi et deleniti est cupiditate. Et dolor temporibus delectus ducimus quos vitae nihil. Ullam et consequatur ut nesciunt ipsum ipsum. Harum cumque facilis provident dicta cumque ut dolorem. Et nemo blanditiis quasi libero esse non repellendus. Omnis voluptas ratione eius nobis. Debitis voluptates veritatis id molestiae voluptatem. Rerum itaque sunt cumque dolorum laboriosam explicabo dignissimos. Voluptatibus et cum amet rerum. Repudiandae quia et hic. Dolores debitis sequi maiores aut. Quasi rerum iste in voluptas. Non facere sit illum tenetur dolores aliquid minima. Tenetur accusantium ea voluptas quam est ipsam ad. Accusantium culpa necessitatibus deserunt. Suscipit animi odio beatae. Repudiandae iure quis optio eos. Odit deserunt sit aut a.', '2021-11-01 12:15:18', '2021-11-01 12:15:18'),
(99, 19, 29, 'Repellendus quo quas aut quo quo quasi velit ex. Inventore deserunt est voluptatem nostrum. Animi et quos necessitatibus et quia in. Reiciendis vitae commodi in quod magni et tempora. Ut dolorum rem voluptatum. Praesentium quae sit porro amet maxime facere. Harum autem consectetur repudiandae temporibus. Fuga ipsum id quo quas sapiente voluptate voluptatum. Voluptate corporis dolorem debitis expedita quos molestiae. Ullam modi aut pariatur dolorem deleniti assumenda. Ipsa molestiae cumque itaque. Blanditiis ipsam placeat itaque qui ut. Mollitia dolore qui perferendis et. Est sapiente qui asperiores sunt sed excepturi. Sequi et ut ea necessitatibus incidunt. Et quis minima voluptas fugit. Fugit amet nulla quo suscipit sit eveniet porro et. Ullam corrupti deserunt rerum dolore numquam sed. Architecto quam quia sit non nihil. Rerum et esse quidem ea. Et doloribus nulla ut iste et dolorem vel. Et officia suscipit id itaque ut laborum. Ea id laudantium iusto et blanditiis.', '2021-11-01 12:15:18', '2021-11-01 12:15:18'),
(100, 35, 12, 'Veniam suscipit laborum reiciendis id alias illum magni. Numquam qui sed quibusdam accusamus voluptatem. Eos cum rerum quis est soluta cumque sed. Veniam eos non voluptas ut. Modi ab aut voluptatem rerum commodi aut. Quae sed qui tenetur labore ipsam. Laborum quasi nam et qui omnis similique rem ipsum. Repudiandae sunt aut sint. Tempore et voluptatem nihil voluptas vel sapiente. Enim libero et consequatur quasi accusamus. Laudantium et sit labore sed. Nulla expedita quod et vitae. Incidunt enim assumenda at et ullam sed. Minima vel fugit magni corrupti sunt rerum et aut. Aut aut deserunt temporibus ab. Rerum placeat eum cumque explicabo repellat aut quod est. Asperiores rem voluptatum id inventore repudiandae maxime hic. Earum dolorem sapiente debitis accusantium. Tenetur praesentium asperiores dolor nobis ducimus dolor. Iure nesciunt deleniti incidunt qui necessitatibus.', '2021-11-01 12:15:18', '2021-11-01 12:15:18');

-- --------------------------------------------------------

--
-- Table structure for table `failed_jobs`
--

CREATE TABLE `failed_jobs` (
  `id` bigint(20) UNSIGNED NOT NULL,
  `uuid` varchar(255) COLLATE utf8mb4_unicode_ci NOT NULL,
  `connection` text COLLATE utf8mb4_unicode_ci NOT NULL,
  `queue` text COLLATE utf8mb4_unicode_ci NOT NULL,
  `payload` longtext COLLATE utf8mb4_unicode_ci NOT NULL,
  `exception` longtext COLLATE utf8mb4_unicode_ci NOT NULL,
  `failed_at` timestamp NOT NULL DEFAULT current_timestamp()
) ENGINE=InnoDB DEFAULT CHARSET=utf8mb4 COLLATE=utf8mb4_unicode_ci;

-- --------------------------------------------------------

--
-- Table structure for table `interests`
--

CREATE TABLE `interests` (
  `id` bigint(20) UNSIGNED NOT NULL,
  `user_id` bigint(20) NOT NULL,
  `category_id` bigint(20) NOT NULL,
  `created_at` timestamp NULL DEFAULT NULL,
  `updated_at` timestamp NULL DEFAULT NULL
) ENGINE=InnoDB DEFAULT CHARSET=utf8mb4 COLLATE=utf8mb4_unicode_ci;

--
-- Dumping data for table `interests`
--

INSERT INTO `interests` (`id`, `user_id`, `category_id`, `created_at`, `updated_at`) VALUES
(1, 12, 7, '2021-11-01 12:15:18', '2021-11-01 12:15:18'),
(2, 29, 6, '2021-11-01 12:15:18', '2021-11-01 12:15:18'),
(3, 41, 8, '2021-11-01 12:15:18', '2021-11-01 12:15:18'),
(4, 46, 9, '2021-11-01 12:15:18', '2021-11-01 12:15:18'),
(5, 36, 6, '2021-11-01 12:15:18', '2021-11-01 12:15:18'),
(6, 13, 7, '2021-11-01 12:15:18', '2021-11-01 12:15:18'),
(7, 31, 1, '2021-11-01 12:15:18', '2021-11-01 12:15:18'),
(8, 38, 2, '2021-11-01 12:15:18', '2021-11-01 12:15:18'),
(9, 16, 8, '2021-11-01 12:15:18', '2021-11-01 12:15:18'),
(10, 17, 9, '2021-11-01 12:15:18', '2021-11-01 12:15:18'),
(11, 12, 1, '2021-11-01 12:15:18', '2021-11-01 12:15:18'),
(12, 11, 8, '2021-11-01 12:15:18', '2021-11-01 12:15:18'),
(13, 8, 3, '2021-11-01 12:15:18', '2021-11-01 12:15:18'),
(14, 19, 7, '2021-11-01 12:15:18', '2021-11-01 12:15:18'),
(15, 7, 7, '2021-11-01 12:15:18', '2021-11-01 12:15:18'),
(16, 34, 2, '2021-11-01 12:15:18', '2021-11-01 12:15:18'),
(17, 11, 7, '2021-11-01 12:15:18', '2021-11-01 12:15:18'),
(18, 39, 3, '2021-11-01 12:15:18', '2021-11-01 12:15:18'),
(19, 34, 6, '2021-11-01 12:15:18', '2021-11-01 12:15:18'),
(20, 19, 8, '2021-11-01 12:15:18', '2021-11-01 12:15:18'),
(21, 15, 4, '2021-11-01 12:15:18', '2021-11-01 12:15:18'),
(22, 16, 10, '2021-11-01 12:15:18', '2021-11-01 12:15:18'),
(23, 19, 10, '2021-11-01 12:15:18', '2021-11-01 12:15:18'),
(24, 50, 8, '2021-11-01 12:15:18', '2021-11-01 12:15:18'),
(25, 24, 6, '2021-11-01 12:15:18', '2021-11-01 12:15:18'),
(26, 40, 3, '2021-11-01 12:15:18', '2021-11-01 12:15:18'),
(27, 30, 2, '2021-11-01 12:15:18', '2021-11-01 12:15:18'),
(28, 11, 4, '2021-11-01 12:15:18', '2021-11-01 12:15:18'),
(29, 21, 5, '2021-11-01 12:15:18', '2021-11-01 12:15:18'),
(30, 5, 3, '2021-11-01 12:15:18', '2021-11-01 12:15:18'),
(31, 29, 5, '2021-11-01 12:15:18', '2021-11-01 12:15:18'),
(32, 15, 6, '2021-11-01 12:15:18', '2021-11-01 12:15:18'),
(33, 17, 1, '2021-11-01 12:15:18', '2021-11-01 12:15:18'),
(34, 31, 8, '2021-11-01 12:15:18', '2021-11-01 12:15:18'),
(35, 26, 4, '2021-11-01 12:15:18', '2021-11-01 12:15:18'),
(36, 2, 5, '2021-11-01 12:15:18', '2021-11-01 12:15:18'),
(37, 1, 10, '2021-11-01 12:15:18', '2021-11-01 12:15:18'),
(38, 49, 5, '2021-11-01 12:15:18', '2021-11-01 12:15:18'),
(39, 34, 3, '2021-11-01 12:15:18', '2021-11-01 12:15:18'),
(40, 47, 3, '2021-11-01 12:15:18', '2021-11-01 12:15:18'),
(41, 39, 1, '2021-11-01 12:15:18', '2021-11-01 12:15:18'),
(42, 2, 3, '2021-11-01 12:15:18', '2021-11-01 12:15:18'),
(43, 29, 1, '2021-11-01 12:15:18', '2021-11-01 12:15:18'),
(44, 27, 10, '2021-11-01 12:15:18', '2021-11-01 12:15:18'),
(45, 12, 4, '2021-11-01 12:15:18', '2021-11-01 12:15:18'),
(46, 29, 10, '2021-11-01 12:15:18', '2021-11-01 12:15:18'),
(47, 40, 6, '2021-11-01 12:15:18', '2021-11-01 12:15:18'),
(48, 23, 2, '2021-11-01 12:15:18', '2021-11-01 12:15:18'),
(49, 44, 2, '2021-11-01 12:15:18', '2021-11-01 12:15:18'),
(50, 20, 1, '2021-11-01 12:15:18', '2021-11-01 12:15:18'),
(51, 4, 9, '2021-11-01 12:15:18', '2021-11-01 12:15:18'),
(52, 49, 10, '2021-11-01 12:15:18', '2021-11-01 12:15:18'),
(53, 4, 2, '2021-11-01 12:15:18', '2021-11-01 12:15:18'),
(54, 32, 1, '2021-11-01 12:15:18', '2021-11-01 12:15:18'),
(55, 6, 1, '2021-11-01 12:15:18', '2021-11-01 12:15:18'),
(56, 22, 8, '2021-11-01 12:15:18', '2021-11-01 12:15:18'),
(57, 27, 9, '2021-11-01 12:15:18', '2021-11-01 12:15:18'),
(58, 44, 4, '2021-11-01 12:15:18', '2021-11-01 12:15:18'),
(59, 45, 1, '2021-11-01 12:15:18', '2021-11-01 12:15:18'),
(60, 38, 8, '2021-11-01 12:15:18', '2021-11-01 12:15:18'),
(61, 43, 9, '2021-11-01 12:15:18', '2021-11-01 12:15:18'),
(62, 42, 4, '2021-11-01 12:15:18', '2021-11-01 12:15:18'),
(63, 35, 7, '2021-11-01 12:15:18', '2021-11-01 12:15:18'),
(64, 33, 5, '2021-11-01 12:15:18', '2021-11-01 12:15:18'),
(65, 35, 1, '2021-11-01 12:15:18', '2021-11-01 12:15:18'),
(66, 39, 9, '2021-11-01 12:15:18', '2021-11-01 12:15:18'),
(67, 14, 1, '2021-11-01 12:15:18', '2021-11-01 12:15:18'),
(68, 16, 1, '2021-11-01 12:15:18', '2021-11-01 12:15:18'),
(69, 8, 10, '2021-11-01 12:15:18', '2021-11-01 12:15:18'),
(70, 17, 6, '2021-11-01 12:15:18', '2021-11-01 12:15:18'),
(71, 25, 5, '2021-11-01 12:15:18', '2021-11-01 12:15:18'),
(72, 3, 3, '2021-11-01 12:15:18', '2021-11-01 12:15:18'),
(73, 9, 1, '2021-11-01 12:15:18', '2021-11-01 12:15:18'),
(74, 28, 10, '2021-11-01 12:15:18', '2021-11-01 12:15:18'),
(75, 11, 9, '2021-11-01 12:15:18', '2021-11-01 12:15:18'),
(76, 37, 8, '2021-11-01 12:15:18', '2021-11-01 12:15:18'),
(77, 1, 5, '2021-11-01 12:15:18', '2021-11-01 12:15:18'),
(78, 16, 5, '2021-11-01 12:15:18', '2021-11-01 12:15:18'),
(79, 50, 10, '2021-11-01 12:15:18', '2021-11-01 12:15:18'),
(80, 7, 10, '2021-11-01 12:15:18', '2021-11-01 12:15:18'),
(81, 7, 5, '2021-11-01 12:15:18', '2021-11-01 12:15:18'),
(82, 26, 8, '2021-11-01 12:15:18', '2021-11-01 12:15:18'),
(83, 5, 7, '2021-11-01 12:15:18', '2021-11-01 12:15:18'),
(84, 13, 9, '2021-11-01 12:15:18', '2021-11-01 12:15:18'),
(85, 22, 1, '2021-11-01 12:15:18', '2021-11-01 12:15:18'),
(86, 12, 5, '2021-11-01 12:15:18', '2021-11-01 12:15:18'),
(87, 48, 5, '2021-11-01 12:15:18', '2021-11-01 12:15:18'),
(88, 31, 10, '2021-11-01 12:15:18', '2021-11-01 12:15:18'),
(89, 12, 2, '2021-11-01 12:15:18', '2021-11-01 12:15:18'),
(90, 51, 1, '2021-11-01 13:34:00', '2021-11-01 13:34:00'),
(91, 51, 3, '2021-11-01 13:34:00', '2021-11-01 13:34:00'),
(92, 51, 5, '2021-11-01 13:34:00', '2021-11-01 13:34:00'),
(93, 51, 7, '2021-11-01 13:34:00', '2021-11-01 13:34:00'),
(94, 52, 1, '2021-11-01 13:37:51', '2021-11-01 13:37:51'),
(95, 52, 3, '2021-11-01 13:37:51', '2021-11-01 13:37:51'),
(96, 52, 5, '2021-11-01 13:37:51', '2021-11-01 13:37:51'),
(97, 52, 7, '2021-11-01 13:37:51', '2021-11-01 13:37:51'),
(98, 53, 1, '2021-11-01 13:40:18', '2021-11-01 13:40:18'),
(99, 53, 3, '2021-11-01 13:40:18', '2021-11-01 13:40:18'),
(100, 53, 5, '2021-11-01 13:40:18', '2021-11-01 13:40:18'),
(101, 53, 7, '2021-11-01 13:40:18', '2021-11-01 13:40:18'),
(102, 54, 1, '2021-11-01 19:36:05', '2021-11-01 19:36:05'),
(103, 54, 3, '2021-11-01 19:36:05', '2021-11-01 19:36:05'),
(104, 54, 5, '2021-11-01 19:36:05', '2021-11-01 19:36:05'),
(105, 54, 7, '2021-11-01 19:36:05', '2021-11-01 19:36:05');

-- --------------------------------------------------------

--
-- Table structure for table `likes`
--

CREATE TABLE `likes` (
  `id` bigint(20) UNSIGNED NOT NULL,
  `post_id` bigint(20) NOT NULL,
  `user_id` bigint(20) NOT NULL,
  `created_at` timestamp NULL DEFAULT NULL,
  `updated_at` timestamp NULL DEFAULT NULL
) ENGINE=InnoDB DEFAULT CHARSET=utf8mb4 COLLATE=utf8mb4_unicode_ci;

--
-- Dumping data for table `likes`
--

INSERT INTO `likes` (`id`, `post_id`, `user_id`, `created_at`, `updated_at`) VALUES
(1, 16, 41, '2021-11-01 12:15:18', '2021-11-01 12:15:18'),
(2, 62, 1, '2021-11-01 12:15:18', '2021-11-01 12:15:18'),
(3, 11, 25, '2021-11-01 12:15:19', '2021-11-01 12:15:19'),
(4, 66, 13, '2021-11-01 12:15:19', '2021-11-01 12:15:19'),
(5, 24, 31, '2021-11-01 12:15:19', '2021-11-01 12:15:19'),
(6, 54, 17, '2021-11-01 12:15:19', '2021-11-01 12:15:19'),
(7, 42, 15, '2021-11-01 12:15:19', '2021-11-01 12:15:19'),
(8, 61, 1, '2021-11-01 12:15:19', '2021-11-01 12:15:19'),
(9, 60, 14, '2021-11-01 12:15:19', '2021-11-01 12:15:19'),
(10, 51, 41, '2021-11-01 12:15:19', '2021-11-01 12:15:19'),
(11, 18, 34, '2021-11-01 12:15:19', '2021-11-01 12:15:19'),
(12, 53, 35, '2021-11-01 12:15:19', '2021-11-01 12:15:19'),
(13, 16, 47, '2021-11-01 12:15:19', '2021-11-01 12:15:19'),
(14, 19, 30, '2021-11-01 12:15:19', '2021-11-01 12:15:19'),
(15, 4, 31, '2021-11-01 12:15:19', '2021-11-01 12:15:19'),
(16, 41, 15, '2021-11-01 12:15:19', '2021-11-01 12:15:19'),
(17, 43, 13, '2021-11-01 12:15:19', '2021-11-01 12:15:19'),
(18, 47, 27, '2021-11-01 12:15:19', '2021-11-01 12:15:19'),
(19, 68, 11, '2021-11-01 12:15:19', '2021-11-01 12:15:19'),
(20, 19, 7, '2021-11-01 12:15:19', '2021-11-01 12:15:19'),
(21, 43, 42, '2021-11-01 12:15:19', '2021-11-01 12:15:19'),
(22, 63, 14, '2021-11-01 12:15:19', '2021-11-01 12:15:19'),
(23, 54, 25, '2021-11-01 12:15:19', '2021-11-01 12:15:19'),
(24, 29, 19, '2021-11-01 12:15:19', '2021-11-01 12:15:19'),
(25, 59, 50, '2021-11-01 12:15:19', '2021-11-01 12:15:19'),
(26, 6, 25, '2021-11-01 12:15:19', '2021-11-01 12:15:19'),
(27, 18, 22, '2021-11-01 12:15:19', '2021-11-01 12:15:19'),
(28, 1, 27, '2021-11-01 12:15:19', '2021-11-01 12:15:19'),
(29, 41, 24, '2021-11-01 12:15:19', '2021-11-01 12:15:19'),
(30, 33, 30, '2021-11-01 12:15:19', '2021-11-01 12:15:19'),
(31, 28, 45, '2021-11-01 12:15:19', '2021-11-01 12:15:19'),
(32, 10, 45, '2021-11-01 12:15:19', '2021-11-01 12:15:19'),
(33, 11, 45, '2021-11-01 12:15:19', '2021-11-01 12:15:19'),
(34, 28, 2, '2021-11-01 12:15:19', '2021-11-01 12:15:19'),
(35, 56, 33, '2021-11-01 12:15:19', '2021-11-01 12:15:19'),
(36, 54, 7, '2021-11-01 12:15:19', '2021-11-01 12:15:19'),
(37, 49, 24, '2021-11-01 12:15:19', '2021-11-01 12:15:19'),
(38, 52, 30, '2021-11-01 12:15:19', '2021-11-01 12:15:19'),
(39, 69, 21, '2021-11-01 12:15:19', '2021-11-01 12:15:19'),
(40, 24, 49, '2021-11-01 12:15:19', '2021-11-01 12:15:19'),
(41, 56, 1, '2021-11-01 12:15:19', '2021-11-01 12:15:19'),
(42, 69, 24, '2021-11-01 12:15:19', '2021-11-01 12:15:19'),
(43, 53, 41, '2021-11-01 12:15:19', '2021-11-01 12:15:19'),
(44, 53, 24, '2021-11-01 12:15:19', '2021-11-01 12:15:19'),
(45, 60, 48, '2021-11-01 12:15:19', '2021-11-01 12:15:19'),
(46, 15, 20, '2021-11-01 12:15:19', '2021-11-01 12:15:19'),
(47, 31, 4, '2021-11-01 12:15:19', '2021-11-01 12:15:19'),
(48, 48, 10, '2021-11-01 12:15:19', '2021-11-01 12:15:19'),
(49, 68, 27, '2021-11-01 12:15:19', '2021-11-01 12:15:19'),
(50, 48, 14, '2021-11-01 12:15:19', '2021-11-01 12:15:19'),
(51, 70, 23, '2021-11-01 12:15:19', '2021-11-01 12:15:19'),
(52, 13, 34, '2021-11-01 12:15:19', '2021-11-01 12:15:19'),
(53, 2, 39, '2021-11-01 12:15:19', '2021-11-01 12:15:19'),
(54, 45, 30, '2021-11-01 12:15:19', '2021-11-01 12:15:19'),
(55, 67, 27, '2021-11-01 12:15:19', '2021-11-01 12:15:19'),
(56, 13, 10, '2021-11-01 12:15:19', '2021-11-01 12:15:19'),
(57, 1, 40, '2021-11-01 12:15:19', '2021-11-01 12:15:19'),
(58, 25, 45, '2021-11-01 12:15:19', '2021-11-01 12:15:19'),
(59, 46, 29, '2021-11-01 12:15:19', '2021-11-01 12:15:19'),
(60, 38, 24, '2021-11-01 12:15:19', '2021-11-01 12:15:19'),
(61, 35, 27, '2021-11-01 12:15:19', '2021-11-01 12:15:19'),
(62, 64, 9, '2021-11-01 12:15:19', '2021-11-01 12:15:19'),
(63, 12, 30, '2021-11-01 12:15:19', '2021-11-01 12:15:19'),
(64, 18, 20, '2021-11-01 12:15:19', '2021-11-01 12:15:19'),
(65, 40, 28, '2021-11-01 12:15:19', '2021-11-01 12:15:19'),
(66, 14, 25, '2021-11-01 12:15:19', '2021-11-01 12:15:19'),
(67, 10, 43, '2021-11-01 12:15:19', '2021-11-01 12:15:19'),
(68, 7, 4, '2021-11-01 12:15:19', '2021-11-01 12:15:19'),
(69, 9, 8, '2021-11-01 12:15:19', '2021-11-01 12:15:19'),
(70, 66, 48, '2021-11-01 12:15:19', '2021-11-01 12:15:19'),
(71, 1, 44, '2021-11-01 12:15:19', '2021-11-01 12:15:19'),
(72, 39, 31, '2021-11-01 12:15:19', '2021-11-01 12:15:19'),
(73, 9, 1, '2021-11-01 12:15:19', '2021-11-01 12:15:19'),
(74, 26, 45, '2021-11-01 12:15:19', '2021-11-01 12:15:19'),
(75, 54, 31, '2021-11-01 12:15:19', '2021-11-01 12:15:19'),
(76, 58, 28, '2021-11-01 12:15:19', '2021-11-01 12:15:19'),
(77, 15, 18, '2021-11-01 12:15:19', '2021-11-01 12:15:19'),
(78, 33, 41, '2021-11-01 12:15:19', '2021-11-01 12:15:19'),
(79, 33, 23, '2021-11-01 12:15:19', '2021-11-01 12:15:19'),
(80, 62, 19, '2021-11-01 12:15:19', '2021-11-01 12:15:19'),
(81, 3, 30, '2021-11-01 12:15:19', '2021-11-01 12:15:19'),
(82, 27, 18, '2021-11-01 12:15:19', '2021-11-01 12:15:19'),
(83, 7, 49, '2021-11-01 12:15:19', '2021-11-01 12:15:19'),
(84, 14, 11, '2021-11-01 12:15:19', '2021-11-01 12:15:19'),
(85, 46, 8, '2021-11-01 12:15:19', '2021-11-01 12:15:19'),
(86, 5, 9, '2021-11-01 12:15:19', '2021-11-01 12:15:19'),
(87, 38, 5, '2021-11-01 12:15:19', '2021-11-01 12:15:19'),
(88, 53, 11, '2021-11-01 12:15:19', '2021-11-01 12:15:19'),
(89, 10, 41, '2021-11-01 12:15:19', '2021-11-01 12:15:19'),
(90, 1, 39, '2021-11-01 12:15:19', '2021-11-01 12:15:19'),
(91, 39, 4, '2021-11-01 12:15:19', '2021-11-01 12:15:19'),
(92, 19, 41, '2021-11-01 12:15:19', '2021-11-01 12:15:19'),
(93, 24, 1, '2021-11-01 12:15:19', '2021-11-01 12:15:19'),
(94, 66, 30, '2021-11-01 12:15:19', '2021-11-01 12:15:19'),
(95, 59, 13, '2021-11-01 12:15:19', '2021-11-01 12:15:19'),
(96, 3, 14, '2021-11-01 12:15:19', '2021-11-01 12:15:19'),
(97, 63, 42, '2021-11-01 12:15:19', '2021-11-01 12:15:19'),
(98, 31, 32, '2021-11-01 12:15:19', '2021-11-01 12:15:19'),
(99, 52, 16, '2021-11-01 12:15:19', '2021-11-01 12:15:19');

-- --------------------------------------------------------

--
-- Table structure for table `migrations`
--

CREATE TABLE `migrations` (
  `id` int(10) UNSIGNED NOT NULL,
  `migration` varchar(255) COLLATE utf8mb4_unicode_ci NOT NULL,
  `batch` int(11) NOT NULL
) ENGINE=InnoDB DEFAULT CHARSET=utf8mb4 COLLATE=utf8mb4_unicode_ci;

--
-- Dumping data for table `migrations`
--

INSERT INTO `migrations` (`id`, `migration`, `batch`) VALUES
(1, '2014_10_12_000000_create_users_table', 1),
(2, '2014_10_12_100000_create_password_resets_table', 1),
(3, '2019_08_19_000000_create_failed_jobs_table', 1),
(4, '2019_12_14_000001_create_personal_access_tokens_table', 1),
(5, '2021_11_01_125223_create_posts_table', 1),
(6, '2021_11_01_125236_create_categories_table', 1),
(7, '2021_11_01_125246_create_likes_table', 1),
(8, '2021_11_01_125256_create_comments_table', 1),
(9, '2021_11_01_125307_create_interests_table', 1),
(10, '2021_11_02_112842_add_image_and_video_to_posts', 2);

-- --------------------------------------------------------

--
-- Table structure for table `password_resets`
--

CREATE TABLE `password_resets` (
  `email` varchar(255) COLLATE utf8mb4_unicode_ci NOT NULL,
  `token` varchar(255) COLLATE utf8mb4_unicode_ci NOT NULL,
  `created_at` timestamp NULL DEFAULT NULL
) ENGINE=InnoDB DEFAULT CHARSET=utf8mb4 COLLATE=utf8mb4_unicode_ci;

-- --------------------------------------------------------

--
-- Table structure for table `personal_access_tokens`
--

CREATE TABLE `personal_access_tokens` (
  `id` bigint(20) UNSIGNED NOT NULL,
  `tokenable_type` varchar(255) COLLATE utf8mb4_unicode_ci NOT NULL,
  `tokenable_id` bigint(20) UNSIGNED NOT NULL,
  `name` varchar(255) COLLATE utf8mb4_unicode_ci NOT NULL,
  `token` varchar(64) COLLATE utf8mb4_unicode_ci NOT NULL,
  `abilities` text COLLATE utf8mb4_unicode_ci DEFAULT NULL,
  `last_used_at` timestamp NULL DEFAULT NULL,
  `created_at` timestamp NULL DEFAULT NULL,
  `updated_at` timestamp NULL DEFAULT NULL
) ENGINE=InnoDB DEFAULT CHARSET=utf8mb4 COLLATE=utf8mb4_unicode_ci;

--
-- Dumping data for table `personal_access_tokens`
--

INSERT INTO `personal_access_tokens` (`id`, `tokenable_type`, `tokenable_id`, `name`, `token`, `abilities`, `last_used_at`, `created_at`, `updated_at`) VALUES
(2, 'App\\Models\\User', 51, 'usertoken', 'eab009f57461ea5a5b7004843d572591ccde69d0e72103e0ec4a03341364f482', '[\"*\"]', NULL, '2021-11-01 13:34:00', '2021-11-01 13:34:00'),
(3, 'App\\Models\\User', 52, 'usertoken', '2e17614ccff8334c74b88b7fe6b807f85605e2cd42bd2215d0b0878cde31ca7a', '[\"*\"]', NULL, '2021-11-01 13:37:51', '2021-11-01 13:37:51'),
(4, 'App\\Models\\User', 53, 'usertoken', '9482bc9135d493f78d5ba93206f58d22cd4e2ee4ba819983dd5cdbe080c773f8', '[\"*\"]', NULL, '2021-11-01 13:40:18', '2021-11-01 13:40:18'),
(5, 'App\\Models\\User', 1, 'usertoken', 'b95543a898265fcd37edbd5a7d2d5b038bf1a618c46e4a9171086a68f5e640fb', '[\"*\"]', '2021-11-02 10:17:12', '2021-11-01 15:14:52', '2021-11-02 10:17:12'),
(6, 'App\\Models\\User', 54, 'usertoken', 'd18877a7a56527a0321425810bc68931355c9ad218437c47e077db60bc040f1c', '[\"*\"]', NULL, '2021-11-01 19:36:05', '2021-11-01 19:36:05');

-- --------------------------------------------------------

--
-- Table structure for table `posts`
--

CREATE TABLE `posts` (
  `id` bigint(20) UNSIGNED NOT NULL,
  `user_id` bigint(20) NOT NULL,
  `category_id` bigint(20) NOT NULL,
  `title` varchar(100) COLLATE utf8mb4_unicode_ci NOT NULL,
  `body` varchar(10000) COLLATE utf8mb4_unicode_ci DEFAULT NULL,
  `created_at` timestamp NULL DEFAULT NULL,
  `updated_at` timestamp NULL DEFAULT NULL,
  `image` varchar(100) COLLATE utf8mb4_unicode_ci DEFAULT NULL,
  `video` varchar(100) COLLATE utf8mb4_unicode_ci DEFAULT NULL
) ENGINE=InnoDB DEFAULT CHARSET=utf8mb4 COLLATE=utf8mb4_unicode_ci;

--
-- Dumping data for table `posts`
--

INSERT INTO `posts` (`id`, `user_id`, `category_id`, `title`, `body`, `created_at`, `updated_at`, `image`, `video`) VALUES
(1, 3, 6, 'Autem hic doloremque laborum repellat ea rem in impedit.', 'Quia illo odit suscipit voluptates facere assumenda. Et praesentium ab ut in deserunt alias. Eveniet nulla atque sit delectus. Dolor quis quisquam harum ipsum sint tempore omnis. Perferendis quos aut consequatur ipsum laudantium ab reprehenderit. Atque dolores laudantium repudiandae provident ut recusandae. Molestiae voluptatem aut aperiam officia esse culpa architecto nisi. Blanditiis et nemo quae officia. Nisi autem non officiis est et. Enim accusantium est distinctio doloremque sit. Id officia est aut in possimus. Occaecati quaerat eveniet ab quasi. Possimus sunt suscipit enim harum. Vel libero nihil est enim non. Saepe est dolorem magnam ut animi. Soluta praesentium ut et ad quia dolore occaecati. Est non omnis quis odit sit ut eaque. Pariatur illum labore illum deleniti sunt sequi. Illum voluptatibus fugit eos debitis error vitae repellendus. Dignissimos commodi dolor distinctio unde accusantium. Molestiae ut quidem sed officia aspernatur eum ipsam.', '2021-11-01 12:15:18', '2021-11-01 12:15:18', NULL, NULL),
(2, 15, 5, 'Voluptate aliquid autem voluptas praesentium autem architecto.', 'Numquam officiis aut reprehenderit ad saepe alias praesentium. Nemo doloremque ut sint cumque. Assumenda laboriosam sunt quis facilis libero similique repellendus. Facilis id iure fugiat vitae corporis non quibusdam. Impedit dolorem dolor sapiente aut. Eos omnis aut rerum vel suscipit rerum autem. Recusandae provident corporis minima minima laudantium. Sed ea nesciunt laudantium possimus in sunt et. Rem perferendis delectus illum reiciendis aut quod exercitationem. Ut fugit harum et atque aut et qui mollitia. Voluptates debitis laborum quia non cum ad. Enim ut architecto doloremque recusandae. Ut quis voluptatem commodi quia. Ea exercitationem tempore ut alias non enim sit. Mollitia quasi ut dolor accusantium. Placeat maxime dolor dolorem accusantium et debitis. Doloremque voluptas qui doloremque mollitia. Dolorum placeat aut unde eaque.', '2021-11-01 12:15:18', '2021-11-01 12:15:18', NULL, NULL),
(3, 49, 3, 'Est dicta quia voluptatem.', 'Hic itaque repellendus dolore ratione. Quidem et voluptas iure explicabo vero. Magni eum maxime sed ducimus quidem eum animi autem. Ea eos soluta alias odio quas ratione ut. Dolor voluptas culpa rerum aliquam rem quisquam. Et nihil ea dolores libero aspernatur consectetur ut. Quas quo impedit voluptas totam. Qui ut qui occaecati totam quam repellat. Nulla id omnis mollitia et reiciendis ea sequi ut. Ducimus rem veniam cupiditate provident ipsa. Autem enim velit nam deleniti et. Id distinctio alias officia labore facilis asperiores. Necessitatibus incidunt accusamus et qui. Aut dolore in omnis. Id illum delectus voluptatem omnis provident est. Rem qui et et earum temporibus consequatur. Cumque et magni accusantium perferendis aut non. Eius et ex quis omnis et explicabo aut. Aut quod velit et mollitia voluptate non. Harum ut nesciunt qui possimus. Facilis nihil velit placeat error laboriosam cum alias. Iure maiores atque cum maiores tempore aut.', '2021-11-01 12:15:18', '2021-11-01 12:15:18', NULL, NULL),
(4, 31, 10, 'Et at ducimus provident occaecati repudiandae consequatur.', 'Aut iusto non itaque possimus vel ea dolore minima. Ea deserunt eveniet qui ex praesentium praesentium expedita eum. Aut aut est in nihil voluptatem. Qui temporibus voluptatem corporis architecto. Voluptatem et voluptate enim quisquam. Omnis reiciendis eum ut molestiae. Explicabo ipsum asperiores possimus voluptatibus est voluptas veniam. Non quis beatae asperiores expedita blanditiis in eius aut. Nulla iste perspiciatis sit mollitia amet repellendus. Omnis accusamus omnis possimus non. Voluptatibus et quo eum voluptates dicta delectus id. Qui sed amet animi omnis aliquid architecto. Temporibus id voluptas qui. Dolorum tempore debitis odio tempora natus voluptatem. Accusamus dolores occaecati odio praesentium. Laboriosam asperiores quam blanditiis accusantium aut rerum nulla. Quis minima et accusamus sequi facere dolor. Quidem qui numquam laborum non.', '2021-11-01 12:15:18', '2021-11-01 12:15:18', NULL, NULL),
(5, 11, 5, 'Facere earum sint ut placeat sit amet nemo.', 'Assumenda repudiandae qui rem non commodi. Aspernatur ipsa est voluptatem dolor. Reiciendis autem illum ipsa blanditiis est quia. Ab nemo nulla quo provident. Dignissimos ab perspiciatis explicabo voluptas voluptatem. Ea beatae laboriosam qui. Autem sequi quia ducimus nulla. Ea sed ut maxime quasi animi placeat beatae. Aut ipsam minus voluptates culpa. Minima quis ipsum aut officiis. Distinctio sint ut placeat fugiat similique eveniet aut nihil. Architecto earum asperiores fugit dolor voluptate blanditiis. Magni debitis eaque dolorem quis. Sit voluptatum molestiae quos enim cumque modi. Et expedita molestiae amet id earum. Similique beatae in recusandae magnam expedita deleniti. Accusamus est veniam nulla itaque quo laudantium non. Nemo aliquid iste enim consequatur animi. Iste maxime aperiam labore temporibus omnis. Rerum consequuntur ipsam quae quia officia aliquid iste.', '2021-11-01 12:15:18', '2021-11-01 12:15:18', NULL, NULL),
(6, 34, 9, 'Ea voluptas quia minima quis dolorem.', 'Perspiciatis et rerum necessitatibus omnis aliquid. Libero velit qui et veniam sint neque incidunt. Recusandae facere nesciunt ut ab aut laboriosam ducimus et. Consequuntur voluptatem omnis et dolorem quasi nobis. Eos necessitatibus ut consequuntur dolores deserunt corporis laudantium. Possimus quo sit rem quia aut. Eos ut molestiae expedita est aut ipsum. Consequatur eaque nulla beatae. Explicabo quidem reprehenderit libero repudiandae illo necessitatibus debitis. Et aut est doloremque numquam ab asperiores velit. Aut et dicta sed optio non eaque sit. Dignissimos illo fugiat blanditiis quasi accusantium inventore neque et. Beatae ullam necessitatibus nostrum nesciunt ut ut. Rerum sunt eos magni et quia qui ratione. Unde magni atque modi error est asperiores. Libero unde praesentium aut magnam ducimus numquam doloribus omnis. Repellendus ratione repudiandae ex qui deleniti eos iusto. Autem animi vitae quas autem.', '2021-11-01 12:15:18', '2021-11-01 12:15:18', NULL, NULL),
(7, 36, 7, 'Aut dolorem placeat est totam numquam porro.', 'Blanditiis voluptatem optio similique exercitationem quos ipsam nobis. Alias tenetur suscipit veritatis ipsum. Incidunt repellendus neque qui. Voluptate quia perferendis ut. Dignissimos aut possimus occaecati autem itaque. Qui omnis sit dolorum quia. Sunt veritatis ipsum qui autem id itaque. Est dolores sit vel vel laudantium qui. Dolores enim perferendis et velit. Quo ut odio enim. Corrupti voluptas facilis cumque quae voluptatem illo. Cupiditate et voluptas ea dolorum molestiae architecto aut. Deserunt eum autem sit saepe dolore quibusdam ex. Iure officiis rerum repellendus asperiores distinctio magni. Velit autem quae soluta. Sequi dolores maiores quibusdam voluptas quia placeat. Non ipsam dolores unde ad omnis rerum. Tempora accusamus fugiat quo officia cupiditate esse qui. Sapiente neque doloribus illo hic nihil qui eos aliquam.', '2021-11-01 12:15:18', '2021-11-01 12:15:18', NULL, NULL),
(8, 43, 1, 'Inventore omnis nihil vitae praesentium.', 'Voluptatem impedit incidunt inventore dolorum autem. Deleniti illo nihil ut voluptatum aut sed rerum totam. Ut quis possimus aliquam animi. Nesciunt voluptates aut animi blanditiis a est qui amet. Numquam ab quia nihil quia saepe commodi. Ut cumque quo deserunt exercitationem. Illo quasi sed vero fugiat voluptate dolor. Impedit natus numquam aut ab. Ipsa exercitationem laudantium sint voluptatum saepe. Laboriosam dolorem necessitatibus ratione nam qui quod iste voluptatem. Commodi commodi voluptates quia fugit aut. Aperiam esse ut omnis quia. Quae voluptatum labore dolorem velit dolor. Soluta qui inventore est accusamus quis similique ducimus. Aut dolores voluptatem eaque commodi ratione voluptatibus. Facere officia expedita officia atque ad. Tenetur quaerat sapiente quasi et. Dolor velit non unde cupiditate. Voluptate quaerat ut libero esse. Repudiandae ut ut possimus qui et. Officia ut in in incidunt magni.', '2021-11-01 12:15:18', '2021-11-01 12:15:18', NULL, NULL),
(9, 10, 8, 'Porro alias excepturi rem quam.', 'Ut in id incidunt excepturi similique quia nobis voluptas. Esse itaque mollitia voluptatem quo quibusdam et. Dicta temporibus nostrum eos enim temporibus natus tempore. Aut aperiam perspiciatis et laborum occaecati suscipit nobis. Optio est et ab nihil quae quo. Dolore excepturi sit et similique consequuntur odit sint. Molestias qui distinctio enim velit. Neque esse at esse voluptate autem. Deleniti sint accusantium qui esse suscipit. Nostrum reprehenderit incidunt aut enim. Aliquam accusamus qui laboriosam tempore praesentium. Esse perspiciatis aspernatur tenetur aperiam maiores ut dolore. Modi necessitatibus laborum et doloribus minima. Ullam possimus perspiciatis quis sunt et non eos. Est enim similique et. At provident aut sint. Voluptatem soluta optio velit quibusdam et vero nisi. Autem repellendus harum voluptas sint. Sint ullam omnis nisi enim in labore et omnis.', '2021-11-01 12:15:18', '2021-11-01 12:15:18', NULL, NULL),
(10, 30, 3, 'Occaecati eos porro eos facere occaecati.', 'Excepturi mollitia consequuntur ut consequatur. Dolorem aliquam eveniet eaque et qui cum enim. Nam ea iusto in velit. Rerum id rem voluptatem. Perspiciatis consequatur aspernatur id. Provident est libero cupiditate. Fugit explicabo rerum a quia hic esse in. Fugit ipsa dolores iste at tempora aut porro. Qui qui et error quam. Libero est dignissimos atque repellat perferendis. Reprehenderit illum sequi asperiores sit doloremque natus et debitis. Voluptatum exercitationem veniam qui. Aliquid sunt voluptate at a tempora ut iure. Id sunt consequatur et est. Velit voluptate dolorem voluptatem tempore alias ut. Ut possimus nam voluptate eligendi facere eius saepe. Voluptatem corporis minima autem voluptatem. Eveniet sequi voluptas qui fugiat illum natus qui. Vel molestias doloribus amet rerum nesciunt dolorum nihil. Est unde voluptates aut optio rerum sint ratione.', '2021-11-01 12:15:18', '2021-11-01 12:15:18', NULL, NULL),
(11, 11, 4, 'Ratione beatae nam consequatur est consectetur.', 'Debitis harum fuga culpa debitis repellat voluptatum quia. Quae rerum et ullam voluptatibus eum hic. Qui delectus adipisci consectetur qui occaecati voluptatem. Ipsam esse quia nesciunt maiores. Cum dolorem veritatis sit inventore. At facere veniam sunt iste quod quo est. Ut voluptatem suscipit ut laudantium ipsam id. Rem quibusdam quis enim aspernatur. Magnam et reprehenderit nobis non ut sit similique. Nihil eos cum facilis. Qui ab doloribus consequuntur culpa doloribus voluptatum. Earum atque expedita repellendus laborum vel ut. Odio quo incidunt delectus saepe consequatur. Provident odio excepturi consequuntur et delectus perspiciatis magnam quam. Quibusdam excepturi modi animi non quasi ex accusamus. Magni soluta assumenda voluptates illo. Est nostrum aliquid optio aliquid omnis. Corrupti sit voluptatem dignissimos maiores voluptate corporis.', '2021-11-01 12:15:18', '2021-11-01 12:15:18', NULL, NULL),
(12, 27, 4, 'Accusamus nihil est nostrum sed.', 'Ut veritatis incidunt ut dolore maxime maxime in. Omnis qui consequatur molestiae. Officiis libero et sint. Amet tenetur vitae voluptatem fugit vel ullam tempora. Id sint odit nisi ea assumenda inventore accusamus. Consequatur et est nemo eveniet voluptas. Tempora fugiat aliquid velit velit fugiat sed et. Et quaerat officia voluptatem vel exercitationem facere. Ut non maiores quia iure placeat consectetur. Accusantium quibusdam expedita aperiam non nobis ad cum. Ut ut voluptas sequi. Animi veritatis nam perspiciatis blanditiis. Rerum et officia ducimus ipsum. Unde eum ut laboriosam. Sed ut voluptate autem. Dolore ducimus officia aut sit sit expedita ut. Incidunt modi aspernatur quidem delectus vitae natus. Deserunt ea accusantium expedita sed eum. Quod perspiciatis tenetur ex atque. Animi perspiciatis et rerum. Et enim eos et quia et expedita velit.', '2021-11-01 12:15:18', '2021-11-01 12:15:18', NULL, NULL),
(13, 38, 2, 'Voluptate praesentium blanditiis velit eum.', 'Magnam sint fugit neque voluptatem. Explicabo consequatur dolor cupiditate non et sit illum. Qui fuga labore voluptatibus. Atque voluptates fugit incidunt necessitatibus inventore est totam aut. Qui similique ut similique et laudantium ipsam cupiditate. Molestias odio officia ipsum ea dolorem expedita nihil. Voluptatem quo similique vero nisi sint voluptatibus. Nesciunt expedita aut distinctio ullam et nihil. In eligendi soluta dolor aperiam voluptas quo distinctio. Nisi voluptatem consequatur eum et non error. Quo vero aut doloribus est facere iusto ipsam. Necessitatibus quo quae quis cum voluptate sunt ea. Voluptatem in adipisci sint iure aut animi. Odio in suscipit natus sint cupiditate. Qui provident sit autem voluptate dolorem provident. Dolorem vitae minima nihil omnis reprehenderit ab. Ut architecto aut laudantium voluptas totam ut. Architecto possimus in molestiae nihil odio incidunt quis quae. Quia velit nihil quibusdam possimus. At suscipit odio et voluptas.', '2021-11-01 12:15:18', '2021-11-01 12:15:18', NULL, NULL),
(14, 4, 6, 'Sunt illum quasi eum nihil.', 'Officiis fugiat qui quis rerum doloremque. Incidunt quia accusamus unde aut tempore perferendis et. Et ab sequi molestias dicta voluptatem. Incidunt quasi ut fugiat ratione quam eveniet. Et aut ut velit vel facilis rerum. Dolor eius qui ipsa deserunt quia. Vel saepe non nisi quisquam aut tenetur beatae velit. Qui vero enim rerum animi. Autem enim maiores ut facere pariatur quia. Sed in autem earum molestiae. Rerum unde fugit voluptate veniam ea rerum. Aut sequi excepturi ipsa dolorem aut temporibus corrupti facilis. Eum doloremque tempora est qui vel. Qui minus et voluptatem repudiandae. Repellendus et sint voluptate a exercitationem est. Voluptatem sunt sapiente nobis ea. Sint iusto quia quidem. Et et rerum corrupti qui et nam nisi. Provident magnam quasi provident repellat beatae ut ullam. Omnis vel qui architecto dicta deserunt et.', '2021-11-01 12:15:18', '2021-11-01 12:15:18', NULL, NULL),
(15, 32, 2, 'Debitis non sequi totam et nemo.', 'Aut earum dignissimos deleniti quibusdam officia. Voluptatem repellendus eveniet facilis ratione architecto qui. Sunt debitis molestiae quasi et est. Ea libero est omnis dolorum mollitia. Placeat qui rerum minus non officiis quam. Omnis veniam accusantium alias aperiam vel fugit. Corrupti molestiae dolorum soluta quidem. Ullam deserunt et expedita dolor et eos. Voluptas explicabo aut voluptatem exercitationem minima ab ipsam id. Voluptatem vel aut nulla recusandae voluptatum aperiam ullam tempora. Architecto explicabo sed recusandae quidem. Totam quia harum sequi officia et ut doloribus. Incidunt maxime odio et hic et. Maxime debitis et quas deleniti provident non. Iusto magni veniam veniam ut sit quia beatae. Est officiis nihil eos cum. Debitis similique voluptatem vitae culpa iste corrupti quam quod. Deserunt libero ut ut laboriosam culpa. Deserunt iusto saepe qui omnis consectetur.', '2021-11-01 12:15:18', '2021-11-01 12:15:18', NULL, NULL),
(16, 43, 1, 'Quia repellendus officia necessitatibus fugiat.', 'Dolores non consequatur eius odio aliquam vel magni sed. Quasi officia sequi placeat possimus enim. Voluptates qui aut quisquam molestias et esse facilis vitae. Quis aut rerum qui fuga labore. Iste explicabo minima accusantium molestiae beatae. Deserunt ullam sit voluptatem dicta. Qui ducimus facere quam quia molestiae error. Repellendus vel in assumenda et. Delectus quia consequatur temporibus voluptatem illo est ipsa. Et officiis quod eius repudiandae perspiciatis nulla id. Vero repellendus et illum. Hic est et voluptas culpa quibusdam odit vero. Et blanditiis autem ipsum odio. Unde cupiditate magnam et voluptatum est hic in. Rerum reprehenderit velit quas ratione nihil magni. Sed omnis perferendis tempora nihil qui. Sit ipsam itaque molestias et vel autem eligendi. Consequatur maxime maiores natus et.', '2021-11-01 12:15:18', '2021-11-01 12:15:18', NULL, NULL),
(17, 49, 7, 'Veritatis alias omnis aut ut voluptas rerum ex.', 'Sunt nihil porro esse explicabo nostrum. Quasi porro ut quod omnis voluptatibus nihil soluta distinctio. Debitis dolorum consequuntur aut est et aut qui quia. Ipsam nisi veritatis alias rerum quia illum. Enim officiis ea aut ut iure nesciunt sit. Sed rerum ad occaecati non consequatur consequatur aspernatur. Perspiciatis praesentium quo reprehenderit aliquam provident reprehenderit. Consequatur dolor saepe numquam mollitia laudantium ut voluptatem fuga. Reprehenderit et doloribus ut. Maiores commodi velit quidem voluptatem maiores velit explicabo placeat. Soluta voluptas rerum minima quae. Saepe ea necessitatibus natus dicta mollitia deserunt dignissimos. Provident aut quam dolor. Quo repudiandae qui mollitia et. Voluptatem voluptate amet ipsa qui dolor.', '2021-11-01 12:15:18', '2021-11-01 12:15:18', NULL, NULL),
(18, 16, 7, 'Nam ipsum corporis quia numquam autem.', 'Voluptatem tempora quos suscipit inventore. Delectus excepturi suscipit a cumque mollitia autem qui. Qui quasi sint occaecati eos dignissimos. Quasi assumenda aut non vel aut. Vitae fuga fugit qui maiores qui quasi. Laborum error voluptatum incidunt et. Doloribus commodi aut nobis sed enim. Rerum ab et veritatis sed sit quisquam. In sunt recusandae eveniet voluptatem et omnis. Odit rerum minus tenetur quam corporis numquam voluptates. Qui deserunt quis assumenda sapiente fugit. Aut quia deleniti aut soluta repudiandae cum laudantium. Qui tempora quis aut temporibus minus. In hic vel dolorem. Excepturi nesciunt ut veniam aliquam incidunt consectetur ut. Atque nemo nobis id veniam. Voluptatibus eos possimus dignissimos quo facere sit. Blanditiis ut voluptas optio. Ut fuga similique corrupti quae nisi est fuga. Mollitia voluptate praesentium voluptatibus reprehenderit. Quis commodi similique quidem quia et molestias.', '2021-11-01 12:15:18', '2021-11-01 12:15:18', NULL, NULL),
(19, 24, 3, 'Quia similique provident maiores aut vel minus.', 'Veritatis hic at dolores explicabo. Laborum nam sit ex at quia. Quis quo sapiente pariatur in minima laboriosam. Eius omnis voluptatem sint quo doloremque et possimus enim. Alias sequi nostrum aspernatur eos dolores unde. Incidunt qui eum excepturi dolores sint minus provident. Inventore eos facere aut. Sapiente et a ducimus laboriosam facilis. Amet quia atque ut. Dolorem et consectetur et eos velit maiores. Ut aut qui ut ullam nam enim nihil. Et quibusdam totam quis quia. Facilis rem sunt voluptatem ut. Nihil rerum consequatur sit. Quidem accusantium temporibus voluptatem modi ducimus aperiam et sed. Impedit aut maxime dolorem deserunt voluptas. Asperiores ut aut ipsa. Odio ea sint ullam ab et quaerat. Eius ut dolorum laudantium. Cum tenetur sed amet quia nulla laborum. Ut ipsa rerum fugiat ut accusamus alias sed. Perspiciatis nihil ipsa et rerum. Et quo nihil quia ea sit.', '2021-11-01 12:15:18', '2021-11-01 12:15:18', NULL, NULL),
(20, 43, 1, 'Beatae sit facere impedit ut.', 'Odit molestiae ut aut culpa rem quod. Reiciendis esse commodi dolores iste illo qui dolorem. Laborum nihil praesentium similique laudantium quae in voluptas. Unde non consectetur saepe aliquam quia voluptatem. Consequatur inventore reiciendis delectus ut aut. Quia id nihil vel quia mollitia iure est. Reiciendis doloremque sit et asperiores tempora. Eum quo et nobis doloremque aut minus neque neque. Quasi et ducimus et quae reprehenderit aliquid sunt. Dolorum nulla doloribus voluptatibus nihil dolor excepturi occaecati ex. Et et iure quia in odio nostrum laboriosam. Voluptas quae quibusdam doloremque maiores sed. Itaque unde occaecati mollitia quam nulla. Nisi est non ipsum eum corporis qui quidem. Et ullam et atque quis. Possimus officia aut et delectus rerum qui. Ut dicta enim nobis nulla. Dolore maxime et molestiae vel perferendis qui non. Quia rerum placeat suscipit.', '2021-11-01 12:15:18', '2021-11-01 12:15:18', NULL, NULL),
(21, 31, 10, 'Repudiandae necessitatibus sit enim quia labore.', 'Fuga blanditiis est dicta quidem sit. Excepturi error consequatur cum omnis. Id ut pariatur labore ullam voluptate et quo corporis. Voluptas dolorem vel quis quia. Voluptas non qui dicta tenetur culpa quia. Iste et voluptatum eum ducimus. Commodi eum ex omnis facere iusto. Dolore placeat quos ut et eligendi sapiente saepe. Ut aperiam laudantium quidem impedit veritatis sapiente at nesciunt. Qui non quia voluptas fugit natus porro. Nihil et repellendus ut sit explicabo. Illum dignissimos dolor dolor asperiores officiis quo facilis. Excepturi quae possimus earum odio. Voluptatem cum voluptatem minima perspiciatis voluptatem. Rem nihil ut doloremque blanditiis. Iusto rerum accusamus corrupti vero asperiores voluptatem. Vel excepturi dolor odit corrupti consequatur amet quam. Saepe debitis necessitatibus sit accusamus. Sunt nulla similique molestiae dolores.', '2021-11-01 12:15:18', '2021-11-01 12:15:18', NULL, NULL),
(22, 26, 1, 'Iusto quo eum molestias iure harum.', 'Cumque quis maiores non ea in beatae repellat sit. Ea labore tempora debitis amet. Et qui impedit in minus provident. Magni vero fugiat rerum saepe aut in. Iusto blanditiis minus qui omnis beatae facere laboriosam vitae. Et ut veritatis vel debitis ut saepe aut. Rerum provident suscipit recusandae rerum vitae nobis autem. Eaque dolores id omnis. Rem non voluptatem enim nostrum quia debitis sunt. Voluptates fugit aut dolores enim. Optio dolor quasi omnis magni corporis voluptatibus. Aliquam itaque quibusdam fugit natus pariatur nam autem. Reiciendis rerum odio a est odio fugiat. Commodi rerum earum modi quibusdam eos. Provident soluta quasi laborum incidunt. Voluptatibus sed dolorem dolorem repudiandae fuga voluptatum. Modi nihil ut sunt ut magnam molestiae. Dolorem pariatur eius qui maxime blanditiis ea.', '2021-11-01 12:15:18', '2021-11-01 12:15:18', NULL, NULL),
(23, 30, 7, 'Exercitationem quisquam molestias molestiae dolorum excepturi ut assumenda.', 'Voluptas fuga accusantium autem autem natus. Assumenda vitae repellendus dicta quo nostrum quibusdam perferendis. Aut aut aspernatur quis perferendis quisquam ex. In libero amet quibusdam corporis in fugiat. Cupiditate distinctio temporibus quod et. Deleniti dolorem dolorem aliquam architecto. Laboriosam voluptatum consequatur at dolorem est nobis asperiores. Dolore aut provident reiciendis dolore blanditiis. Nihil assumenda dolor sunt perferendis quia. Eos aspernatur ducimus illum necessitatibus. Sit tenetur rerum ducimus nihil aut quidem. Quo sunt vel est sunt facere omnis maiores. Fuga iusto quasi iste quia nulla aut. Eos perspiciatis non animi. Non illo ut quisquam tempore ut reiciendis qui aut. Eveniet provident ut vero animi aperiam voluptatum. Eligendi eius placeat rerum consequatur maxime. Vel molestiae magni harum aut exercitationem voluptatem aspernatur. Quia impedit sit quia optio dolores voluptatem veniam harum.', '2021-11-01 12:15:18', '2021-11-01 12:15:18', NULL, NULL),
(24, 14, 2, 'Sed asperiores repellat sint illo magnam.', 'Accusantium nihil enim ut. Doloribus eius et recusandae qui aliquam ut earum. Dolores quia eos itaque et adipisci. Iusto aliquam ipsum autem neque aut. Eligendi fugit animi qui eligendi. Magni atque est voluptas voluptatibus. Ut beatae nulla vitae tempore dolor. A rem neque et omnis. Nam et delectus sunt qui. Aliquam nam et laudantium ad quaerat quos modi. Possimus est earum incidunt in sint odit. Quisquam tenetur occaecati esse quae. Omnis quo iure libero nam et et enim. Laboriosam accusamus libero occaecati ad quia suscipit. Eveniet aliquam est iusto consequatur. Ipsam rem aut officia quis sapiente ea. Minima quibusdam provident corporis tenetur vel dolorem enim laborum. Et sint quos ut quidem nisi. Optio doloremque autem modi dolores laudantium praesentium. Corporis enim consequatur vel nulla non atque. Itaque eum ipsa enim ut iste. Ipsa sapiente temporibus iste fugiat harum.', '2021-11-01 12:15:18', '2021-11-01 12:15:18', NULL, NULL),
(25, 33, 8, 'Iusto aperiam qui enim esse voluptate.', 'Eum quaerat ipsam doloremque autem eos libero minima deserunt. Modi vel quis quia distinctio dolore. Qui ut omnis sit iste placeat. Ut quae mollitia odit dolor. Et et et numquam esse fugit inventore. Doloribus totam perspiciatis sed iure assumenda labore. Odit vitae fugit aut dicta. Libero iure ut qui labore. Ea beatae delectus quia deleniti voluptatem aut et. Quis aliquam accusantium doloribus quisquam at. Porro et sequi repudiandae itaque quod soluta molestias. Mollitia quas molestias laudantium doloremque omnis deleniti qui. Repellendus labore modi nihil ipsam. Rerum dolore recusandae omnis pariatur. Maxime aliquid quis maiores iste nesciunt unde neque. Qui sint maxime enim magni nihil recusandae. Animi debitis tenetur reiciendis dolores ab et expedita. Voluptas expedita doloremque et vel porro nihil deserunt. Optio minima dicta illo sit consequuntur molestiae praesentium. Aut id nostrum animi et vitae corrupti dignissimos.', '2021-11-01 12:15:18', '2021-11-01 12:15:18', NULL, NULL),
(26, 49, 8, 'Sed ad nemo sint qui sit non architecto.', 'Laudantium ea dignissimos temporibus sequi dignissimos quaerat. Inventore ut eaque voluptas autem aliquid alias quia velit. Pariatur distinctio eaque aut error. Autem nulla et voluptates sit vero. Inventore voluptate et architecto. Explicabo tempore similique id eos. Ratione dolorum iure itaque sed voluptas voluptatem consequatur. Ut rerum tempora veritatis ut ullam nobis. Nam molestiae sapiente qui pariatur. Fugit eveniet ut rerum ex cupiditate voluptates itaque. Voluptatem laboriosam vel officiis est vero voluptate provident. Veniam inventore rerum laborum debitis dolorum dolor voluptas. Natus rem consequatur amet asperiores et quod possimus. Qui voluptatibus doloremque inventore occaecati sapiente quo. Odio quo doloremque sit modi consequatur perspiciatis aut. Natus reprehenderit distinctio voluptates ipsum numquam aut nam.', '2021-11-01 12:15:18', '2021-11-01 12:15:18', NULL, NULL),
(27, 5, 6, 'Quae vel eaque numquam et deserunt.', 'Sed voluptates consequatur dicta ea beatae. Sit et eveniet dolorum maiores optio. Consequuntur soluta autem eos id suscipit. Suscipit assumenda officia voluptate voluptates id laboriosam quibusdam. Quidem atque non ipsa sapiente veniam fugit quisquam. Accusamus voluptate voluptatem dolores nostrum repellendus voluptatem nesciunt. Laboriosam a exercitationem a aliquid rerum. Non sunt aut non minus eligendi. Dolorem sit quis molestiae quo non impedit. Est est qui dolor eum et illo. Velit ut et laudantium. Autem molestiae facilis nostrum at aut modi. Magni sit perspiciatis voluptas sed molestiae qui ea. Occaecati sint cumque ab est dolore aspernatur ea. Voluptatem ex omnis porro a. Est ipsam soluta enim natus eum impedit ratione. Id facere sint est quod mollitia qui id. Accusantium et necessitatibus animi et fuga. Soluta ratione non illum aut sunt odio enim quidem.', '2021-11-01 12:15:18', '2021-11-01 12:15:18', NULL, NULL),
(28, 36, 5, 'Aut illo molestias fugiat debitis distinctio.', 'Impedit temporibus consequatur ipsam at neque fugit totam fugiat. Et accusamus quo molestias incidunt ducimus modi deleniti nam. Et quasi architecto dolores maxime nam aut qui. Incidunt tenetur voluptatem ipsum odio in tenetur aut. Nesciunt adipisci est possimus suscipit aut. Laudantium id deserunt debitis. Iure magni tempora aliquid voluptatibus voluptate unde. Ut esse est recusandae molestiae provident. Quasi porro sed sapiente. Vero similique dignissimos voluptatem inventore et impedit similique. Id aliquid reprehenderit est ut eos quae tenetur. Eveniet nisi similique nesciunt molestias doloremque hic non. Totam porro neque quaerat voluptatem sunt porro. Est quidem et ab eligendi quia dolorem et. Nulla ut qui qui corrupti unde maiores. At ipsa neque rerum non tenetur eligendi. Neque occaecati recusandae enim qui dolorem soluta illo.', '2021-11-01 12:15:18', '2021-11-01 12:15:18', NULL, NULL),
(29, 28, 2, 'Dicta vel facilis eaque eum ut.', 'Deserunt facere animi et rerum. Aliquid occaecati deleniti dignissimos error. Ea omnis sit aut deserunt eius est quas. Officia asperiores qui sunt ut. Et commodi quos totam eius consectetur sit. Iste est quis atque fugiat sed ullam sunt. Omnis ut eius velit veniam cupiditate voluptatum. Iste vero alias nobis et. Numquam nisi perferendis praesentium animi. Tenetur voluptas dolore necessitatibus. Repellat officiis placeat libero. Tenetur expedita non officiis aut ut. Quia facilis rem est voluptas. Dolore officiis nulla omnis aut cumque harum. Quia ullam quibusdam voluptas. Error quia hic rerum rem et. Omnis quia est est et est. Voluptates dolores repellat ut et blanditiis repellat. Eaque voluptas vel perspiciatis explicabo odit. Maiores et repellendus laboriosam tenetur iure veritatis sunt enim. Eaque consequatur maiores sapiente. Nobis qui ad occaecati eius dicta ut fuga velit.', '2021-11-01 12:15:18', '2021-11-01 12:15:18', NULL, NULL),
(30, 23, 3, 'Sit aut est sequi.', 'Et reiciendis maiores fugiat dolore reiciendis. Consectetur earum ex sit voluptas quos impedit minus. Facilis quas cupiditate occaecati quasi et. Labore hic ab soluta eos eaque repellat. Similique doloribus sit cum iusto ullam commodi. Et officia harum dolores voluptas fuga totam occaecati. Tempora officia dolorum commodi dicta quibusdam inventore et. Quas voluptas accusamus cum qui. In est voluptatum et esse. Velit enim inventore vitae necessitatibus facere repudiandae. Deleniti corrupti est pariatur alias in omnis. Hic nostrum et ipsam accusantium ex maiores. Voluptatem ut eum consequatur voluptatem. Quam perspiciatis cum facere enim qui voluptatum. Occaecati totam ex neque omnis sint. Illum inventore commodi vel itaque. Quia quisquam molestiae veniam sapiente. Minima et hic excepturi autem. Dolores aut aut nostrum ratione vel. Optio sunt eos omnis numquam officia. Sequi molestiae est atque itaque est alias.', '2021-11-01 12:15:18', '2021-11-01 12:15:18', NULL, NULL),
(31, 13, 3, 'Distinctio quia hic rerum dolore ipsa.', 'Repellendus qui voluptas rerum quisquam. Quisquam eius libero optio doloremque maiores non voluptates. Accusamus voluptas temporibus hic laboriosam dolores. Sit rerum ab sunt aliquam. Earum eaque ut possimus laboriosam error. Et autem rerum dolor. Aut perspiciatis dolor nisi est iure aperiam et. Qui suscipit quas quis saepe qui. Et adipisci quia rerum ratione autem unde magni. Incidunt amet fugiat quia commodi tempora. Ad quo quam veritatis enim repudiandae. Impedit et laudantium velit nemo in. Facilis dolores doloremque vel quo. Corporis in harum qui dolorem sint magni dignissimos. Adipisci enim veritatis illo atque. Sit quia nulla provident. Facere sit temporibus consectetur dicta et. Vel dolores pariatur vel sequi et eum qui. Recusandae culpa porro laboriosam et dolores facilis. Eveniet id ea in fuga nostrum consectetur. Qui velit et ratione laboriosam aut ut vel numquam.', '2021-11-01 12:15:18', '2021-11-01 12:15:18', NULL, NULL),
(32, 48, 10, 'Asperiores ut alias sed vel at deleniti.', 'Molestias nulla nihil corporis aliquid aut. Nulla voluptas rem autem sed. Consequatur inventore voluptas sed rerum vel sunt eos. Officiis architecto cupiditate praesentium in quisquam voluptatem perspiciatis. Fugit similique velit mollitia quod. Quod facilis unde velit omnis repellat numquam consectetur adipisci. Vero numquam id quae cumque fugit voluptas numquam. Impedit laboriosam eum debitis expedita unde cumque necessitatibus. Molestiae laborum dignissimos corporis molestiae cumque est. Consequuntur eum voluptatum et doloremque. Quia aut praesentium sapiente quis quia. Quos ut quia debitis nam nam. Voluptatum natus sit qui id autem ut quos. Vero aut deleniti corrupti blanditiis et. Est dolorem at tempora. Velit eveniet rerum aut est. Repudiandae tenetur soluta et quia. Animi fugit error ut. Totam est velit a ut ipsum in ex. Odio tenetur quas cum quos deserunt. Quod blanditiis sit unde facilis ab laudantium eos. Aliquid repellendus repellendus autem voluptates.', '2021-11-01 12:15:18', '2021-11-01 12:15:18', NULL, NULL),
(33, 11, 3, 'Ut amet ut facilis animi id.', 'Molestias veritatis fugit blanditiis eius occaecati. Voluptate doloremque vel voluptatem consequatur aut. Est consequatur et adipisci sed. Nesciunt dolor modi incidunt quisquam. Non aut quaerat omnis asperiores autem. Itaque et ut veritatis dolore. Et officia dolor voluptas consequatur itaque. Quae quia reprehenderit accusantium provident repellat. Aut tenetur aut mollitia est qui inventore vero. Modi tempore ex et et. Dolor vitae consequuntur nam pariatur voluptatibus eius praesentium. Illo quia esse et. Sequi reprehenderit voluptas consequatur sit tenetur est. Vero qui et earum ad itaque quod quia. Ad corporis sed consequatur reprehenderit doloremque omnis. Ratione et sint ea quo optio. Magnam minus minus blanditiis sint natus quidem illum. Quod debitis eos nihil sit consequatur sed pariatur dolorem. Qui aut iure vitae accusamus nobis a et. Repellat velit labore incidunt necessitatibus possimus. Officiis quia laboriosam nihil veniam laudantium excepturi ducimus.', '2021-11-01 12:15:18', '2021-11-01 12:15:18', NULL, NULL),
(34, 27, 1, 'Tempora labore est praesentium.', 'Blanditiis fugit iste nihil qui repellendus omnis quas. Molestiae ut hic accusamus deserunt nobis. Quidem provident at qui temporibus. Molestiae quisquam earum maxime et. Aspernatur consequuntur odit praesentium ea aut ex. Quam illo non quo. Distinctio quis delectus dolores animi soluta possimus in eos. Vitae eos autem error doloribus vero sit facere. Et rerum corrupti asperiores qui. Assumenda qui quas repellat rerum vel non. Voluptatum soluta impedit dolores ducimus quaerat. Ipsam delectus autem totam distinctio consectetur et. Quia unde eos illum est non. Consequatur porro placeat animi est nostrum omnis magnam. Perferendis debitis et consequatur laborum. Tempora doloribus suscipit omnis autem dolore autem maxime. Aliquid quos odit excepturi a fuga nostrum nobis. Vel cumque possimus quos magnam aut aut eum. Quia consectetur temporibus autem veniam dolor qui.', '2021-11-01 12:15:18', '2021-11-01 12:15:18', NULL, NULL),
(35, 36, 7, 'Culpa in dolor nobis sed.', 'Sit ut debitis labore repudiandae facere ducimus. Nulla sunt sed quo nobis. Amet placeat assumenda quos est dignissimos maiores inventore. Perferendis officiis labore qui voluptatem autem ratione omnis autem. A nemo est quis voluptas sed eos. Nam consequatur sit aspernatur laborum incidunt natus ut. In aut praesentium ut placeat at. Alias dolor molestias nesciunt quis qui ut quis. Harum consequatur eum ut libero. Eius non asperiores ullam reiciendis. Consequatur porro beatae alias. Nam voluptatem voluptatem eaque nostrum est minima. In ad libero neque natus ut corrupti voluptatum. Quibusdam fugiat rerum ut eius commodi doloremque. Illum totam perspiciatis reprehenderit inventore voluptatem debitis aspernatur. Est quia commodi magnam. Ex eos est iste deleniti. Eum possimus mollitia inventore explicabo delectus libero.', '2021-11-01 12:15:18', '2021-11-01 12:15:18', NULL, NULL),
(36, 2, 8, 'Recusandae dolor aut quam ab omnis laudantium qui.', 'Velit fugit qui provident. Deleniti repellendus officiis id odit tempora commodi. Sint veniam deleniti id minus. Laboriosam occaecati ut neque exercitationem aut quia magni quis. A voluptatem quis repellendus aspernatur voluptatum autem. Ipsum qui aut qui. Quia saepe laborum sint et enim similique inventore deserunt. Molestiae qui voluptas numquam illum. Sed similique in expedita magni culpa voluptates quia dolorum. Quisquam similique beatae reiciendis earum sed libero officiis. Dolore ipsa minima cupiditate tenetur porro illum inventore. Dolores nam sint voluptas pariatur quibusdam aut perferendis. Eaque dolor illo hic repellat. Exercitationem et non est rem distinctio magni neque. Est modi ea iusto ipsum voluptatem. Nam similique explicabo nihil necessitatibus maxime est. Officiis quis aut aut quia ut magnam. Est mollitia deserunt deserunt est praesentium.', '2021-11-01 12:15:18', '2021-11-01 12:15:18', NULL, NULL),
(37, 39, 1, 'Beatae vel dolor repellendus ut id.', 'Eligendi similique est porro dolor itaque eius. Facere et quibusdam qui quis. Labore vitae at culpa possimus ad ipsam doloribus. Labore eveniet omnis repellendus vel aut modi. Et illo est vel dolorum in quo. Culpa fugiat iste qui dolor. Ipsum velit necessitatibus qui quia molestias. Minus sed doloribus sint fuga pariatur quidem magni. Aliquid quia maxime minima a. Ut consequatur explicabo aut adipisci dolor. Maxime et quisquam error debitis aspernatur. Assumenda blanditiis recusandae aspernatur assumenda. Et eos unde dolores repudiandae. Molestiae hic dolore ab quis accusantium fugiat voluptas consequatur. Ullam dicta tempore fugit qui voluptas culpa. At aliquam ullam fuga dolorum et aut illum. Reprehenderit sed qui totam omnis qui consequatur. Sint omnis et sit a dolores sed facilis in. Nemo ut earum qui expedita ea molestiae et dicta. Occaecati perspiciatis iusto similique ad ex odio.', '2021-11-01 12:15:18', '2021-11-01 12:15:18', NULL, NULL),
(38, 42, 2, 'Omnis porro tenetur natus et et reprehenderit.', 'Vel repellat eos est voluptas consequatur amet. Quod dolorum deserunt quaerat. Ea qui dolor et sapiente. Et aut sint necessitatibus atque et. Nemo occaecati in mollitia necessitatibus. Voluptatibus voluptatem veritatis ipsum ipsa consectetur qui. Voluptas et ullam molestiae. Reprehenderit vel est itaque quis accusantium quia laudantium dolores. Deleniti saepe architecto mollitia quis quia. Repellendus placeat a quasi vel. Tempore et vero doloremque ipsa consequatur aliquid veritatis. Sunt nam aliquam aliquam eum nihil culpa qui. Animi mollitia dolores ipsam et perferendis. Sed et voluptatem aut dolores tenetur. Qui dolorem ea eius adipisci. Et voluptas distinctio maiores recusandae voluptatem odio. Quas expedita quia neque earum. Et reprehenderit aliquam animi et aliquam earum. In voluptas ut fuga. Eveniet vero quisquam illo perferendis ex.', '2021-11-01 12:15:18', '2021-11-01 12:15:18', NULL, NULL),
(39, 29, 5, 'Accusamus rerum est consequatur non.', 'Et illum nobis qui aut praesentium et voluptatem. Nihil aut est non quia ut. Itaque quam magnam animi at consequatur earum ut. Mollitia aut quasi nemo omnis veritatis. Voluptas velit aliquid maxime. Natus doloremque et natus nihil nostrum cum eaque. Sit quaerat numquam rerum et quia nam hic. Doloribus occaecati culpa consequatur provident. Tenetur et veritatis consequuntur ex consequatur qui. Maxime repellat odit amet iusto. Id aut est corporis sed quos quae. Rem quis incidunt et incidunt ut. Quidem quo deleniti animi. Eveniet aut possimus odit numquam quos. Non consequatur soluta libero aut quia corporis temporibus. Et fuga voluptatem tenetur nisi. Eveniet explicabo repellat rerum omnis animi voluptates optio. Consectetur perferendis cumque ea et. Inventore omnis laboriosam repellendus suscipit. Aspernatur vel sed quam qui et expedita animi. Ex fuga qui alias est. Et voluptatem minus aut ut. Quod nobis ut aut dolor rerum.', '2021-11-01 12:15:18', '2021-11-01 12:15:18', NULL, NULL),
(40, 26, 4, 'Voluptas eum magnam maiores occaecati.', 'At maiores dolore officiis odio error sit. Aliquam doloribus corrupti optio est quibusdam libero. Ut sunt quia qui aliquam molestiae. Harum officia accusantium quo non officia dolore accusamus. Est officia autem odio non. Quam qui rerum quas delectus. Tempora porro doloremque totam alias ut molestiae. Nihil nesciunt non eum facilis expedita sit reprehenderit. Maiores odit velit soluta atque cupiditate. Officia voluptas nam at eaque. Laboriosam itaque est atque dolorem omnis. Blanditiis consequatur est praesentium qui quis porro delectus. Amet impedit architecto consequatur sit. Adipisci est aut quos provident at ipsa animi. Praesentium maxime velit illo doloremque voluptatem nesciunt. Minima alias totam ut animi. Ex placeat est dolore maiores repudiandae expedita hic. Veritatis quia aut dignissimos qui commodi. Aliquid dolorum veritatis est non dolores. Repellat molestiae dolor quas sunt. Reiciendis et eius recusandae qui quaerat.', '2021-11-01 12:15:18', '2021-11-01 12:15:18', NULL, NULL),
(41, 36, 9, 'Optio perspiciatis ducimus ex dolores itaque porro.', 'Harum adipisci eveniet laborum et. Veritatis suscipit voluptates fugit ad. Debitis explicabo et fugiat illum aut a. Ullam nam voluptatem iure quis vel non. Unde vel odio autem aperiam vel. Ipsam laboriosam at ut quidem laboriosam. Ullam eos corporis dolores reiciendis est ut recusandae. Harum voluptate possimus ut qui. Consectetur corporis ut autem qui voluptatem facilis quia. Incidunt expedita voluptatibus quia quasi quas. Provident odio dicta aut recusandae assumenda in. Et eum dolor iusto vero reprehenderit a. Tempora in quam eaque impedit. Aut beatae sit voluptatem ducimus laboriosam sit ad. Voluptas facere vero delectus iusto voluptatem. Consequatur est tenetur consectetur totam et nisi. Voluptates et adipisci in nisi ut sit. Quis nostrum nihil nemo eaque. Et quos et consequuntur error dicta autem enim. Quam a similique fuga a dolores voluptatum. Nihil deserunt vitae sit assumenda voluptas dolores dolor.', '2021-11-01 12:15:18', '2021-11-01 12:15:18', NULL, NULL),
(42, 14, 7, 'Tempora aperiam consequatur consequuntur sunt laborum natus quod.', 'Placeat nostrum unde tenetur eos quia. Ullam placeat provident voluptate. Ea provident nostrum et molestias. Natus dolor corrupti id dolore asperiores cumque vel. Autem sed sit velit sed incidunt saepe. Facilis quis debitis voluptas possimus non. Et nesciunt labore quae. Quisquam non rerum et tempore consequatur. Aspernatur iusto fuga ratione. Libero nobis reiciendis illum. Nobis qui itaque voluptatum aspernatur. Suscipit in modi distinctio. Ab libero voluptatem minus aut explicabo. Velit rem voluptatem molestiae voluptas dolorem molestiae. Vero quis voluptates magni impedit veritatis. Voluptatum qui dicta tempora vel atque dolores itaque rerum. Eos accusantium et suscipit quo sint error doloribus. Quo et qui sunt omnis. Necessitatibus aliquid neque vel similique minima. Eum est sint nihil dolore et minus. Eos quaerat mollitia eius tenetur culpa. Assumenda dolor aut quis nesciunt cum incidunt. Consequatur vitae enim in quas voluptatem dolore impedit consequatur.', '2021-11-01 12:15:18', '2021-11-01 12:15:18', NULL, NULL),
(43, 37, 5, 'Ducimus expedita fugit velit omnis distinctio provident.', 'Inventore repellat id beatae ut alias. Aut adipisci non fugiat repellendus quia officia. Explicabo debitis saepe id aut quo. Quasi eaque nihil porro maxime eius quae doloremque. Quam praesentium nihil qui qui et magnam non. Qui consectetur quo cumque ex at atque. Possimus impedit qui debitis qui quos dolores deleniti. Eos quis maiores atque earum sed fugit et. Dolore sed in placeat ut laboriosam ut maiores. Et qui sit praesentium quis cumque velit debitis. Blanditiis dicta earum doloribus. Libero debitis ad omnis aut minima est. Magni tempora sapiente quaerat distinctio enim. Et suscipit voluptate quae. Eaque molestias consequatur quis asperiores et dolore cupiditate necessitatibus. Eum ipsa eum deleniti velit debitis assumenda et. In repellat qui provident qui aut. Sed optio culpa voluptatem quibusdam voluptatum quo placeat. Distinctio in sit qui perferendis. Alias totam sint voluptatibus voluptate quo reprehenderit.', '2021-11-01 12:15:18', '2021-11-01 12:15:18', NULL, NULL),
(44, 28, 8, 'Provident et omnis ex quibusdam consectetur.', 'Quas odio quo voluptatem corporis voluptatum ut. Maiores sit fugit consequatur fuga architecto. Earum a molestias dolorem quae quisquam. Molestiae atque repellendus nihil nihil numquam ut. Alias quia quae assumenda libero sint nihil ut. Sit dolorum totam aperiam iste autem voluptates. Magnam quis quo temporibus architecto est aut facilis. Sit et suscipit eum voluptas. Nihil hic aut nostrum sit tenetur sequi voluptatum. Adipisci vitae rerum esse. Aliquid repudiandae aperiam possimus eaque id quasi. Dolorem aut saepe dolore incidunt harum consequuntur. Quisquam blanditiis et qui at deleniti sunt. Pariatur quod labore vero qui est repellendus. Nisi saepe quo quis ipsam. Consequatur fugiat nobis quisquam ducimus inventore architecto dolore. Omnis necessitatibus exercitationem tempora ipsam non possimus. Dolor et delectus quo velit.', '2021-11-01 12:15:18', '2021-11-01 12:15:18', NULL, NULL),
(45, 22, 3, 'Cupiditate temporibus cumque qui quis.', 'Error maiores consequatur et nihil iure soluta atque. Ut dolorem tenetur voluptas tenetur voluptatem consequatur. Mollitia explicabo molestias non consequatur eius. Aut porro sit reiciendis dolor. Et temporibus veritatis doloribus qui assumenda dolor est. Qui autem aut a facere aut animi. Beatae odio amet autem laborum repellat et temporibus quaerat. In ipsam illum sit sapiente. Velit asperiores quam consequatur nam ut voluptatum. Maxime iste praesentium commodi laboriosam quasi. Quis quaerat repudiandae et saepe doloremque qui. Totam repellendus maiores debitis et et. Dolore sunt voluptatum libero libero unde enim voluptatem. Maiores voluptatibus voluptatem et. Sed voluptatum sunt dolor ea officia veritatis. Perferendis eum ipsum dolor omnis. Et veniam saepe ipsum nobis quaerat. Vel eos velit perferendis dolorem ex accusamus explicabo. Ab fugiat omnis soluta odio optio. Est sit et quisquam minus.', '2021-11-01 12:15:18', '2021-11-01 12:15:18', NULL, NULL),
(46, 26, 2, 'Laudantium facere rem autem et id.', 'Nihil voluptatem eaque sit sapiente dolorum minima. Et quidem et provident dolores omnis facilis vel. Non perspiciatis ut magni accusamus. Unde sit mollitia voluptatem nisi quaerat dolorum qui repellendus. Sunt earum ipsam est nostrum. Laboriosam at similique magnam nihil voluptatem dolore aut. Officiis sunt tempore deserunt vel et quos aut. Nobis explicabo officiis quis necessitatibus corporis ea. Incidunt quis tenetur ex. Nulla suscipit omnis neque nihil enim accusantium. Aspernatur vero animi ea sed facilis praesentium doloribus. Dolor beatae nesciunt molestiae ut. Voluptates maiores dignissimos et excepturi ab ab labore dolores. Amet delectus est architecto maiores quas. Sequi quis vel voluptatum non nulla minima. Eveniet dolor eius esse perferendis. Maiores officia cupiditate dolorem quidem et. Qui accusantium voluptatem rerum tenetur enim ratione omnis. Sunt aliquam quae sit aut.', '2021-11-01 12:15:18', '2021-11-01 12:15:18', NULL, NULL),
(47, 32, 9, 'Aut asperiores et aut.', 'Et esse cumque et dolore sunt labore dignissimos vitae. Omnis id autem sint. Fugit nostrum optio voluptas ut animi facere. Sint enim repudiandae ad qui et minus et provident. Aperiam tempore esse et ea itaque eum. Et voluptatum aperiam repudiandae ratione. Fugiat rerum ut distinctio commodi expedita facere. Aut laborum ut vitae eveniet quia ipsam perspiciatis. Iusto eveniet eum quod repudiandae eum sed ea minus. Laboriosam commodi sint ducimus facilis nostrum at molestias cum. Voluptas voluptatem accusantium dolor ut voluptatibus sed. Dolor fugiat rerum aut inventore. Eaque nostrum optio aut numquam fuga minima adipisci. Explicabo atque accusantium doloribus suscipit repellendus totam explicabo et. Labore labore qui consequuntur deleniti aut veritatis. Maxime fugiat tempora quia qui incidunt ex nisi. Similique totam odit veniam. Aspernatur assumenda molestias quia adipisci illum perspiciatis ullam.', '2021-11-01 12:15:18', '2021-11-01 12:15:18', NULL, NULL),
(48, 39, 1, 'Nostrum quas eveniet excepturi repellat a et.', 'Dolore incidunt cum illo recusandae iusto consequatur. Omnis esse pariatur qui. Ab id numquam maxime voluptates eligendi. Sint et sed qui amet quisquam saepe dolores. Provident qui consectetur magni et expedita placeat nisi. Quam dolor quaerat reprehenderit dolorem aliquam cum. Voluptatem inventore sapiente pariatur laudantium. Magnam quisquam dolores labore repudiandae quidem et reprehenderit id. Laboriosam omnis cum iure et saepe id ex adipisci. Harum est ipsa aut minus et omnis. Dolorum nisi et nihil officiis qui sit sit. Expedita sit sint et repellendus illo fuga. Sunt ipsa veritatis et sit. Vero eaque tempora in amet id error sunt. Rerum ut corporis id porro. Vitae voluptatem repudiandae a accusantium. Rem quasi et est nemo qui. Iure eligendi dolores iusto et veritatis. Quis nisi dicta sequi saepe. Laboriosam necessitatibus odit animi quidem quia cum amet. Saepe est sed rerum dolorem. Consequuntur velit atque sint veritatis amet accusantium quia quia.', '2021-11-01 12:15:18', '2021-11-01 12:15:18', NULL, NULL),
(49, 38, 6, 'Non officia numquam id.', 'Ullam repudiandae temporibus eligendi iusto nesciunt molestiae repellendus. Voluptatem adipisci et molestiae vel porro possimus. Necessitatibus ut magnam deserunt ut quia consequatur. Maxime nisi quas id nisi. Molestias debitis tempora velit ipsam tempora. Sit quidem est quasi est in. Maiores et quidem corporis. Praesentium fugit et quod voluptatibus facere enim commodi. Minus voluptatibus aut fugiat iste eius. Architecto quaerat nisi alias et ratione expedita excepturi. Eveniet qui doloremque veritatis commodi. Beatae quo doloribus quam ea cumque dolores explicabo. Est quas facilis harum. Sed exercitationem labore dolorum laborum officiis. Aperiam dolores soluta expedita dolorem velit. Hic et et sunt eum quis eius et. Eligendi molestiae consequatur laboriosam repellendus in. Enim est nam ipsa. Atque sunt ipsam fugiat enim. Odio et dolor asperiores id. In hic quo vero commodi exercitationem.', '2021-11-01 12:15:18', '2021-11-01 12:15:18', NULL, NULL);
INSERT INTO `posts` (`id`, `user_id`, `category_id`, `title`, `body`, `created_at`, `updated_at`, `image`, `video`) VALUES
(50, 28, 6, 'Perspiciatis expedita odio dolores quos dolor quod.', 'Est sint quaerat molestias. Ut quas explicabo atque nobis quidem ab. Voluptatum voluptatem omnis veritatis debitis. Cumque voluptas et corporis expedita amet eum esse. Sunt doloribus et iste occaecati rerum quia. Molestiae animi ut et neque. Velit minima aut et qui et. Voluptatem sequi natus facere quo ut dolores mollitia omnis. Est est quo ipsam accusamus. Sit eveniet ut corporis officia est voluptatum quo. In omnis in sit et repellat quod quis. Officia hic voluptates molestias deserunt quia illum quibusdam. Nam velit expedita eum molestiae recusandae et debitis. Quas fugit quos molestias laborum quia. Aut deleniti nulla similique at quo sit. Praesentium omnis consequatur nihil sit ea voluptates sunt. Consectetur esse quidem accusamus ea eos facilis. Architecto rem dolorem voluptate quia aut enim. Commodi labore aliquam officiis quia. Sint non voluptatem accusantium quam pariatur numquam suscipit enim. Rerum temporibus quos sed rerum.', '2021-11-01 12:15:18', '2021-11-01 12:15:18', NULL, NULL),
(51, 38, 6, 'Veritatis enim sit hic sunt rerum iste odio.', 'Aut velit autem repellendus earum. Possimus harum exercitationem quis molestias adipisci omnis. Voluptas doloremque esse delectus sint velit alias doloribus. Hic accusantium natus tenetur voluptates. Explicabo dolorum aperiam est ut aut. Officia quaerat non iste totam dolores deleniti totam dignissimos. Voluptas cumque labore omnis exercitationem optio ad. Aut aut qui voluptatem nobis voluptatem eveniet rem. Dolore aut placeat dicta quia vel fugiat eos quos. Tempore impedit enim sapiente est eum qui. Tempore maxime et minus nihil ut. Quibusdam optio repellat provident magnam ut praesentium corporis. Itaque ipsum pariatur id dolorem veniam eos et. Voluptatem tenetur vero dolorem natus dolor. Tempora quia quia praesentium dolore porro. Harum cum quae aut a in cupiditate. Et aspernatur placeat vitae nobis in voluptatum et. Dicta inventore itaque aut et eaque. Adipisci nam consequatur eum. Nihil atque optio qui sequi et. Vero numquam placeat porro sint accusantium dolores.', '2021-11-01 12:15:18', '2021-11-01 12:15:18', NULL, NULL),
(52, 50, 9, 'Quas vel omnis ut earum.', 'Et quia ipsum quae corrupti ab quae quis. Velit totam rerum maxime cupiditate. Laborum quo praesentium reiciendis ab quia aut non. Culpa consequatur fugiat et. Atque quis maxime magni ducimus earum dolorum ab. Corporis voluptate quidem ad illo libero facere ducimus. Vero et vero saepe amet earum nihil et. Ut enim quisquam placeat et ut. Quod et harum corrupti eum molestiae. Et culpa autem ut id et qui consequatur a. Dolorem modi porro quis omnis. Nobis libero odit officiis quia officiis esse aliquid. Et aliquam doloribus et minima ipsum dolores rem facere. Velit ipsam quia ducimus quam et. Natus animi reiciendis dolor molestiae. Ratione voluptatibus reprehenderit aspernatur qui consequatur. Qui officiis quos dolores id voluptatem. Culpa et asperiores eaque autem nisi facere tenetur. Rerum inventore debitis et ratione sed commodi. Nobis repellat quis sequi minus fugit rerum reiciendis. Qui magnam iusto suscipit quis. Quod in rerum saepe eius deserunt.', '2021-11-01 12:15:18', '2021-11-01 12:15:18', NULL, NULL),
(53, 29, 6, 'Explicabo dolores qui perferendis sequi dicta.', 'Et quod doloribus iste molestiae voluptas ipsa illo. Ullam quam dolor aut enim aut corrupti. Nihil occaecati illum deserunt modi enim quisquam sed. Omnis velit alias provident cupiditate sint harum. Nesciunt tempore est eligendi et. Dolorem eligendi consequatur soluta architecto dolor. Enim enim soluta consequuntur itaque nisi. Fugit dolorem excepturi in fugiat et et. Itaque doloremque reprehenderit a optio vero ea quia. Non amet corporis et qui. Fugit suscipit quaerat ut beatae doloribus. Et aut voluptatibus dicta. Consequatur dolor vero quia ut non assumenda. Ut deleniti a consequatur et quod aut enim. Aut quis quam similique quasi cumque voluptatibus ut. Reiciendis quam ex ut. Id rerum sunt unde quia fugit culpa reprehenderit. Autem dicta maiores dolores expedita quia. Officia ipsum dolor fuga fugit laborum nesciunt nemo. Dolor culpa necessitatibus enim.', '2021-11-01 12:15:18', '2021-11-01 12:15:18', NULL, NULL),
(54, 19, 3, 'Et dolorem sequi esse consectetur commodi.', 'Fugiat mollitia et cumque possimus sit omnis assumenda quos. Labore ea officia voluptatum quod nemo consequatur. Consequatur ab fugiat est voluptatibus ut est. Quisquam cupiditate ut voluptas reprehenderit iusto. Nihil fugit qui ducimus officia corporis. Sed rerum sunt facilis necessitatibus deleniti ut officiis. Nostrum ut aut ipsa quis iure. Labore tempora nihil pariatur officia. Libero ut dignissimos qui quia atque magnam recusandae. Accusantium dolores adipisci velit sapiente magni. Non libero culpa ut accusamus illum illo omnis. Soluta quos aut voluptatem eveniet ipsam est. Illum quibusdam eum quibusdam dicta quia cupiditate. Sequi itaque nesciunt assumenda iste. Odio voluptas optio voluptatibus dolorem eligendi. Sit adipisci sed dolor libero. Beatae ab expedita vel. Qui earum qui rerum sint illum expedita. Asperiores non minima sapiente repudiandae. Cum qui ut maiores autem dolorum. Nostrum rerum officia officiis qui.', '2021-11-01 12:15:18', '2021-11-01 12:15:18', NULL, NULL),
(55, 9, 1, 'Dolorem nesciunt et ab qui ipsum aut.', 'Facere molestiae officia est porro voluptates dolorem. Sed commodi id veritatis. Quaerat enim odio aut provident temporibus molestias. Dolorum eius amet rerum maiores. Suscipit explicabo vel et itaque. Tenetur deleniti corporis quam. Natus culpa eos animi nulla. Perspiciatis aut quaerat tempore et eum aspernatur nisi. Iure facere autem magni dolorem minima facilis dolorum. Velit consectetur minus corporis ut saepe eum numquam veniam. Sint et ea quod qui. Saepe est iure alias omnis. Eos consequuntur eum quod possimus quia veritatis quod. Sed amet mollitia tempora minus veniam. Accusantium deserunt consectetur velit adipisci. Nihil voluptatem quia corporis non at. Non aut excepturi eaque. Molestiae est sequi minus voluptas sit assumenda. Blanditiis quo voluptates enim nesciunt. Commodi at aut ut sit. Soluta aliquid iure amet a atque perspiciatis. Quasi quasi unde sit sit ab vel.', '2021-11-01 12:15:18', '2021-11-01 12:15:18', NULL, NULL),
(56, 30, 8, 'Ratione sequi et asperiores ea.', 'Nihil exercitationem commodi quia necessitatibus et sit. Possimus dicta fuga eligendi quia quaerat molestiae. Quae minus error maxime dolor quis consequatur. Nobis consectetur non aut tenetur maiores. Nulla tempore aut aut sint nobis et. Quod provident repellendus maiores velit culpa facilis. Minima nihil iste labore et animi quae distinctio. Ea necessitatibus ut nobis earum. Voluptas qui harum vel ut doloribus ab earum voluptatem. Eos architecto sed voluptatem enim provident. Laborum non ipsam error ut ut alias iste. Eum aspernatur delectus nisi vero totam error reiciendis. Quod est non ut culpa. Sit eveniet fugiat et blanditiis repellat qui voluptatem. Velit possimus sit maxime qui enim non. Voluptatem voluptas sed aut voluptatem ex laboriosam. Laboriosam nihil necessitatibus eos dolorum reprehenderit. Consequatur neque dolores est. Reiciendis expedita praesentium debitis ut nam adipisci est qui. Perspiciatis eum ullam consequatur quibusdam architecto deleniti.', '2021-11-01 12:15:18', '2021-11-01 12:15:18', NULL, NULL),
(57, 19, 1, 'Molestiae tempore praesentium nesciunt.', 'Rerum maiores qui quasi fuga ab. Quo qui veniam vitae sequi repellendus. Earum commodi aut perspiciatis sint quia voluptatem assumenda. Laborum adipisci autem aut. Officiis fugit et a sunt aliquid molestiae. Itaque voluptatem ut labore quibusdam modi vitae. Assumenda libero harum doloribus repellendus ea itaque. Ut sed ex et aperiam tenetur. Cum sint natus quia consequatur rerum praesentium. Delectus quas id suscipit at mollitia id voluptas aut. Qui modi corrupti magnam veritatis sequi nostrum. Odit et laborum assumenda consequuntur aspernatur omnis. Vel velit sit consequuntur natus ratione doloribus optio. Sunt esse eveniet ex aut. Asperiores ut recusandae et blanditiis. Molestiae qui dolorem et quam quibusdam. Hic molestiae non rem. Expedita veritatis possimus dignissimos sapiente. Ducimus pariatur voluptates unde laudantium et ut. Quibusdam necessitatibus nesciunt corporis alias provident pariatur.', '2021-11-01 12:15:18', '2021-11-01 12:15:18', NULL, NULL),
(58, 20, 8, 'Vitae ut velit pariatur nisi.', 'Adipisci et aut unde ducimus accusamus aut voluptas. Voluptatibus eius fuga natus est veritatis ducimus. Dolorem doloribus repellat illo quia repellendus. Eos molestias itaque provident rem dolores. Illo et eius aliquid velit quia nihil dolores. Modi vero vel perferendis reprehenderit voluptatem. Tempora voluptate incidunt est magni rerum sed est. Et eum voluptatibus praesentium in. Ipsam est illum consequuntur qui ut. Repellat amet aliquam porro asperiores reprehenderit quibusdam. Voluptatem voluptatem accusantium ducimus est unde. Reiciendis et unde maxime. Beatae soluta itaque qui. Cumque et temporibus accusantium dolorum aliquid nesciunt aliquam. Similique nulla quae voluptatum in itaque et repellendus. Eaque eos harum dolorum dolores a. Quis itaque sunt beatae ut sint cum. Mollitia debitis dolorum omnis aliquid est sapiente eum harum. Amet sit qui earum ab. Qui illum libero itaque magnam quibusdam ea adipisci. Architecto necessitatibus cum ex est corrupti nihil.', '2021-11-01 12:15:18', '2021-11-01 12:15:18', NULL, NULL),
(59, 7, 7, 'Unde iure consequuntur doloremque nam.', 'Cupiditate eum consequuntur quia vero nostrum. Eos suscipit quas veritatis dicta culpa veniam fugit aut. Assumenda consequuntur incidunt temporibus est. Esse harum et fuga dolores consequatur illum officiis sint. Omnis fuga nobis quis voluptas natus accusamus. Qui quam magnam quisquam. Atque rerum totam tempora laborum temporibus ad qui fugit. Itaque omnis ab pariatur id. Consectetur commodi quis atque cupiditate. Deleniti iure dolorum occaecati. Ab veniam ipsam officia ullam blanditiis voluptatem dolorum. Odit expedita dolorum vel architecto ut expedita omnis. Quas aut necessitatibus ea. Autem et unde natus commodi autem animi non. At dignissimos consequatur expedita impedit. Repudiandae doloremque eius beatae laboriosam ipsum sapiente perferendis. Facere inventore dignissimos vitae assumenda amet et. Nobis voluptates laboriosam voluptatem. At repudiandae doloremque asperiores voluptate veniam.', '2021-11-01 12:15:18', '2021-11-01 12:15:18', NULL, NULL),
(60, 16, 9, 'Adipisci et repudiandae nam qui voluptas.', 'Laborum corporis provident et voluptas dolore. Quis quas et tempore dolore sit. Sed alias sed labore sit sed voluptates illo voluptatem. Autem dolores veritatis saepe aut doloremque facilis vero ducimus. Fuga incidunt veniam molestias repudiandae voluptas et. Quia omnis ea nobis iste asperiores tenetur dolorem. Voluptates repellendus quo necessitatibus fugit. Non nisi magnam ex maxime. Eum sunt est ad accusamus quia ducimus commodi. Nostrum ut nemo fugiat distinctio. Consequatur voluptas incidunt facilis porro autem cumque veniam. Sed sunt et saepe sed provident. Non labore aut vel qui quia dolorum. Aperiam dolores rerum assumenda aut qui amet. Unde dignissimos harum sit occaecati adipisci. Voluptatem rem facere qui dolorem doloremque dicta repellat. Quia praesentium ut cupiditate recusandae amet eum hic. Temporibus sint quos minus illum quibusdam non. Omnis consequatur facilis ipsam veritatis.', '2021-11-01 12:15:18', '2021-11-01 12:15:18', NULL, NULL),
(61, 13, 10, 'Quia voluptatem necessitatibus labore.', 'Quos sunt consequatur omnis aut earum facilis et. Voluptatibus quis quisquam veritatis omnis mollitia nulla quo. Culpa dolores ipsa veniam molestiae maxime. Similique recusandae quia qui. Sit molestias non exercitationem. Culpa architecto iste adipisci eveniet ut qui. Quaerat id vitae saepe eos eius et. Deleniti sit debitis dolore voluptas animi ullam. Tempore perferendis sint doloremque voluptate iusto ipsam. Assumenda suscipit id et aliquid dolore. Ut cum et ipsam doloremque quos architecto consequatur. Inventore consequuntur vel dolorum qui ut dolorum. Esse aperiam perferendis consequuntur hic voluptas laborum placeat. Quod voluptatum nesciunt id consectetur. Ea ipsa aliquam quia eaque praesentium et. Tempore id neque et autem deserunt impedit quo. Voluptate natus aliquid reiciendis quidem perferendis. Iusto est nam ducimus est id aut beatae. Expedita iusto omnis nobis adipisci. Ab et voluptas nihil corrupti fugiat quis.', '2021-11-01 12:15:18', '2021-11-01 12:15:18', NULL, NULL),
(62, 9, 6, 'Nihil quia vel omnis sed ipsam id.', 'Eum atque suscipit et blanditiis optio animi eos. Rerum distinctio dolorum placeat magni iusto natus aliquid. Voluptatum provident aut sapiente. Sint non sunt deleniti est laborum dolores. Nam vero nisi excepturi beatae. Amet perferendis corporis rerum omnis rerum distinctio. Vel magnam at suscipit doloribus molestias. Et quasi aut omnis voluptate. Qui officiis beatae ea inventore dicta pariatur. Qui ducimus ex similique. Ducimus ipsa perferendis voluptatum quia magni officiis officiis. Aliquid ut voluptatem aut est et sed eum. Rerum error autem eos sint nisi quisquam ipsum. Asperiores adipisci sit vero accusantium ad quod. Dolores quod et a quisquam. Ad reiciendis iusto eaque voluptate quibusdam est. Sed est cupiditate qui. Dolore mollitia dolore est nulla corporis quia. Nam recusandae impedit mollitia deserunt magni repellendus recusandae unde. In excepturi animi ut mollitia commodi.', '2021-11-01 12:15:18', '2021-11-01 12:15:18', NULL, NULL),
(63, 3, 1, 'Est velit omnis et voluptate officia vero eaque blanditiis.', 'Nobis saepe cupiditate reiciendis vel sint. Iusto corrupti commodi quia id. Provident impedit quidem ducimus enim sunt enim nostrum cum. Maiores sed ullam sunt perspiciatis qui nostrum aliquam. Repellendus ea maxime neque a ullam. Reprehenderit molestiae fugiat sed illum voluptas tempora sed dolore. Earum est et nostrum voluptates aliquid aut molestiae. Dolor atque tempora neque impedit porro enim. Totam et veritatis harum eum sequi modi. Alias quia molestiae asperiores consectetur impedit. Porro eum aut natus assumenda perspiciatis voluptatibus. Accusantium repudiandae ipsum vero id ullam non quidem. Autem nihil accusamus molestias consectetur praesentium quidem. Dolores nam provident fugit. Minima delectus sed illum quibusdam vero itaque. Inventore voluptatem necessitatibus nobis odit reprehenderit dolor. Quasi consequatur magni eum itaque ut labore et. Omnis et neque id. Possimus qui qui ut a.', '2021-11-01 12:15:18', '2021-11-01 12:15:18', NULL, NULL),
(64, 48, 4, 'Ut voluptatibus deleniti hic qui fugit a.', 'Unde iusto sunt laudantium vel ut adipisci laboriosam. Repellat omnis iusto voluptate debitis cumque nihil ea. Ut voluptatem minus et non hic consequatur. Facilis accusantium minus voluptatibus numquam. Molestiae temporibus necessitatibus velit magnam tempore quasi qui. Vel deserunt quia ratione et minima. Quia odit laboriosam accusamus a voluptate tempore. Quas qui cum error id explicabo magnam. Quasi voluptas sit dolorem id veritatis. Dignissimos molestiae et in tempora. Vel earum non sint aperiam. Consequatur officia eveniet sint. At possimus quibusdam officiis in molestias aut quis. Corrupti ipsa illo nihil. Labore perferendis quia perferendis odio velit. Quisquam quaerat ut incidunt rerum assumenda explicabo recusandae. Tempora incidunt dolor quas sapiente inventore voluptatem ducimus ut. Officiis qui dolorem ipsum repellat fugit. Eum quia excepturi pariatur possimus.', '2021-11-01 12:15:18', '2021-11-01 12:15:18', NULL, NULL),
(65, 10, 3, 'Nisi dicta itaque iure nulla quod in.', 'Illum aut sit quaerat harum culpa dolor ut. Ad sed qui aperiam iure suscipit ut quasi expedita. Iusto veritatis officia nihil voluptas impedit dignissimos. Aperiam debitis tempore aperiam nam qui sint. Minus ipsa maxime rerum ut quia soluta. Dolorem dolores eos quas. Ab minus maxime quia minus dolore. Nobis eum architecto quisquam modi enim reprehenderit. Aut qui aut et distinctio. Deleniti nostrum quo aut possimus autem. Quae dicta non magnam sint molestiae. Aliquid ipsum rem sed optio et nisi. Corporis mollitia aut modi harum accusantium repellat vel. Ratione inventore odio consequatur itaque sed eum. Magni sint ea consequatur rerum ipsa. Soluta omnis ullam omnis sapiente. Rem qui et alias voluptates repellat nesciunt est. Odio tenetur eos aut eum. Aut quasi voluptatem non dolor maiores sed molestias. Soluta ullam vitae temporibus recusandae quod mollitia mollitia. Fuga dolorem et eum.', '2021-11-01 12:15:18', '2021-11-01 12:15:18', NULL, NULL),
(66, 7, 1, 'A et architecto blanditiis quam in officia excepturi.', 'Quo tempora iusto veritatis sunt velit sequi. Velit voluptatem in sequi debitis. Ut qui aut quis numquam aut impedit. Est cumque vitae voluptatem numquam ipsa cum ut asperiores. Tempore est tenetur nobis nostrum praesentium deserunt quos. Repudiandae adipisci voluptatem tempora reiciendis nemo voluptatem sed sint. Similique in qui illum delectus adipisci. Ut laudantium labore assumenda ullam vel dolorum enim. Quis suscipit repellendus nesciunt harum est sunt officia. Corporis repellat distinctio incidunt vel in reprehenderit dolor. Nihil ipsa vel voluptas qui blanditiis odit eum. Consequuntur ratione natus quasi cupiditate. Alias cumque quis similique repellat dolorem sed ut. Possimus et quasi minus debitis maxime est. Quo et quaerat ullam cupiditate tempora animi debitis. Consequuntur voluptatem enim accusamus fugit. Autem architecto aliquid omnis nulla. Fuga earum voluptate officiis. Debitis modi eaque odio reiciendis. Quia necessitatibus est doloribus porro autem nulla et.', '2021-11-01 12:15:18', '2021-11-01 12:15:18', NULL, NULL),
(67, 25, 5, 'Quas optio quia vel molestiae nisi reiciendis.', 'Corporis eligendi reprehenderit non aspernatur unde. Quia praesentium aut pariatur. At quae provident est sed quibusdam delectus. Necessitatibus ut repudiandae fuga optio asperiores vel. Voluptatibus eius adipisci odio rerum. Blanditiis sit dolorum non labore quis. Laudantium qui eaque ab provident est. Eaque incidunt culpa a facilis consectetur ut aut. Ut ut voluptas voluptatem rerum quia. Iure dolor qui aut amet dolor sit. Omnis nam aperiam rem rerum iste molestias. Assumenda eaque impedit aperiam quas quis omnis. Sapiente odit praesentium qui laudantium. Minus perferendis aut iure itaque. A non nisi facilis. Optio quia consequatur sit eos expedita rerum quis. Illum fuga velit et excepturi eum. Sequi reprehenderit accusamus omnis. Assumenda fuga incidunt tempore esse iusto itaque magni. Similique veritatis dolorum est deserunt vel pariatur quasi. Dolor quisquam et et.', '2021-11-01 12:15:18', '2021-11-01 12:15:18', NULL, NULL),
(68, 43, 10, 'At qui accusantium aut illum.', 'Nihil nemo quis inventore et sed similique id. Nemo temporibus dolorem est magni veritatis recusandae autem ut. Ex iusto distinctio sapiente. At sit pariatur praesentium est id et. Deserunt est id distinctio perspiciatis voluptas. Id voluptatem numquam molestiae voluptatem. Ipsa qui voluptas quasi reprehenderit amet est explicabo. Occaecati omnis ut aliquid iste enim. Error sed animi neque aut sed. Temporibus ab ut beatae exercitationem dolor nulla. Dolores nulla neque rerum et est quis totam. Nobis vero a temporibus est debitis nostrum tenetur est. Porro repellat recusandae asperiores quas quo vel. Alias quis quae quod ullam. Reprehenderit ut natus nisi ipsa reprehenderit alias corrupti. Sequi labore sunt facilis sit quam in inventore. Pariatur voluptas omnis ullam iure. Nobis qui commodi dolor qui expedita veritatis. Ipsum rem ut fuga sunt.', '2021-11-01 12:15:18', '2021-11-01 12:15:18', NULL, NULL),
(69, 48, 9, 'Similique sit praesentium nam aut sit iure.', 'Odio optio earum maiores id voluptas qui sit. Voluptatem eum beatae praesentium et pariatur maiores quisquam. Qui quo aut enim fuga. Harum assumenda officiis ratione esse expedita est ex. Unde nihil provident modi maiores minus consequatur dolorem qui. Corrupti aut temporibus deleniti error. Qui minima rem nulla ad. Qui sint dolorum distinctio libero. Adipisci id harum laudantium eum. Modi aut quaerat velit repudiandae. Nobis et et non qui qui. Eius sint velit officia exercitationem animi et. Fuga occaecati sequi quasi omnis nesciunt laboriosam. Omnis cupiditate minima et suscipit laborum voluptatem vel. Quia dolorem asperiores nisi et et. Aliquam corrupti ut et ratione dolorem hic maxime. Sed eligendi non numquam veritatis porro velit. Ea blanditiis quasi mollitia rem quisquam minima. Rerum excepturi iusto id tempora quis sit. Quae rem id neque qui consequatur.', '2021-11-01 12:15:18', '2021-11-01 12:15:18', NULL, NULL),
(70, 26, 1, 'Illo in tempora et tenetur.', 'Sunt a doloremque iste non voluptas quaerat. Ut aut atque odit earum reprehenderit et. Fugiat velit excepturi fuga ad minima. Non explicabo illum ut eos aspernatur dolor. Praesentium architecto voluptas ad sunt accusantium accusantium a. Pariatur voluptate voluptates officiis et est. In vel ratione rerum dolor id aut minima. Occaecati hic perferendis facilis quia cupiditate. Consequatur facilis voluptas tenetur ab dolorem et nihil consequatur. Quis voluptate ducimus ipsum delectus est laborum sequi maxime. Ut quisquam dignissimos esse reiciendis. Illum ut et quas commodi voluptas dolore. Hic distinctio in qui ea maxime non. Ut quis occaecati autem rerum ea earum possimus. Cupiditate porro ullam dolores culpa laudantium maiores soluta. Quis et consequatur a tempore quas minus. Sit numquam temporibus laudantium aliquam voluptatem ad. Molestias eum natus ea. Eos laudantium eum dolore repellendus. Doloribus natus ut sit enim qui ex.', '2021-11-01 12:15:18', '2021-11-01 12:15:18', NULL, NULL),
(71, 1, 7, 'Post 1 title', 'Body of post 1', '2021-11-01 15:16:00', '2021-11-01 15:16:00', NULL, NULL),
(73, 1, 3, 'Post title here goes', NULL, '2021-11-02 10:17:12', '2021-11-02 10:17:12', '73_02112021_1212.jpg', '73_02112021_1212.mp4');

-- --------------------------------------------------------

--
-- Table structure for table `users`
--

CREATE TABLE `users` (
  `id` bigint(20) UNSIGNED NOT NULL,
  `first_name` varchar(100) COLLATE utf8mb4_unicode_ci NOT NULL,
  `last_name` varchar(100) COLLATE utf8mb4_unicode_ci NOT NULL,
  `image` varchar(100) COLLATE utf8mb4_unicode_ci NOT NULL,
  `email` varchar(255) COLLATE utf8mb4_unicode_ci NOT NULL,
  `email_verified_at` timestamp NULL DEFAULT NULL,
  `password` varchar(255) COLLATE utf8mb4_unicode_ci NOT NULL,
  `remember_token` varchar(100) COLLATE utf8mb4_unicode_ci DEFAULT NULL,
  `created_at` timestamp NULL DEFAULT NULL,
  `updated_at` timestamp NULL DEFAULT NULL
) ENGINE=InnoDB DEFAULT CHARSET=utf8mb4 COLLATE=utf8mb4_unicode_ci;

--
-- Dumping data for table `users`
--

INSERT INTO `users` (`id`, `first_name`, `last_name`, `image`, `email`, `email_verified_at`, `password`, `remember_token`, `created_at`, `updated_at`) VALUES
(1, 'Dragoslav', 'Jankovic', '6tDnyuHEo8', 'gagi@gagi.com', '2021-11-01 12:15:17', '$2y$10$bmLc1Z3R4EpDg8mwGVG5p.mf7F6NcZRk82qBfbkiMSwOphXBLLva.', 'vutCuBas65', '2021-11-01 12:15:17', '2021-11-01 12:15:17'),
(2, 'Rita', 'Ullrich', 'E5Oe5I7L3J', 'chand@example.org', '2021-11-01 12:15:17', '$2y$10$92IXUNpkjO0rOQ5byMi.Ye4oKoEa3Ro9llC/.og/at2.uheWG/igi', 'F4Nr8BizmD', '2021-11-01 12:15:17', '2021-11-01 12:15:17'),
(3, 'Barney', 'Schowalter', 'jDMq8FFLSM', 'colleen.jacobi@example.net', '2021-11-01 12:15:17', '$2y$10$92IXUNpkjO0rOQ5byMi.Ye4oKoEa3Ro9llC/.og/at2.uheWG/igi', 'GfTsslKdoj', '2021-11-01 12:15:17', '2021-11-01 12:15:17'),
(4, 'Rogers', 'Prohaska', 'shRSRHAdF8', 'alessandra.volkman@example.net', '2021-11-01 12:15:17', '$2y$10$92IXUNpkjO0rOQ5byMi.Ye4oKoEa3Ro9llC/.og/at2.uheWG/igi', 'MDdCnSnYLC', '2021-11-01 12:15:17', '2021-11-01 12:15:17'),
(5, 'Jaylen', 'Sawayn', '4WrudsFC7i', 'terry.giovani@example.org', '2021-11-01 12:15:17', '$2y$10$92IXUNpkjO0rOQ5byMi.Ye4oKoEa3Ro9llC/.og/at2.uheWG/igi', 'KWRzXXgduN', '2021-11-01 12:15:17', '2021-11-01 12:15:17'),
(6, 'Emilie', 'Wyman', 'FaxY1cAH5G', 'lelah.gulgowski@example.net', '2021-11-01 12:15:17', '$2y$10$92IXUNpkjO0rOQ5byMi.Ye4oKoEa3Ro9llC/.og/at2.uheWG/igi', '9XSDzh9MWu', '2021-11-01 12:15:17', '2021-11-01 12:15:17'),
(7, 'Fernando', 'Kihn', '8T7srnjw9X', 'jammie00@example.net', '2021-11-01 12:15:17', '$2y$10$92IXUNpkjO0rOQ5byMi.Ye4oKoEa3Ro9llC/.og/at2.uheWG/igi', 'LaDz5lSEgN', '2021-11-01 12:15:17', '2021-11-01 12:15:17'),
(8, 'Emerald', 'Gleichner', 'AZquxlc5Hp', 'remmerich@example.org', '2021-11-01 12:15:17', '$2y$10$92IXUNpkjO0rOQ5byMi.Ye4oKoEa3Ro9llC/.og/at2.uheWG/igi', 'aeGlzpFZ0P', '2021-11-01 12:15:17', '2021-11-01 12:15:17'),
(9, 'Nikko', 'Sporer', 'sOPEMNAdi8', 'dion57@example.com', '2021-11-01 12:15:17', '$2y$10$92IXUNpkjO0rOQ5byMi.Ye4oKoEa3Ro9llC/.og/at2.uheWG/igi', 'mhvlaCGw7E', '2021-11-01 12:15:17', '2021-11-01 12:15:17'),
(10, 'Tony', 'Kulas', 'abVApB6mHY', 'ykris@example.net', '2021-11-01 12:15:17', '$2y$10$92IXUNpkjO0rOQ5byMi.Ye4oKoEa3Ro9llC/.og/at2.uheWG/igi', '0AycCdUeHY', '2021-11-01 12:15:17', '2021-11-01 12:15:17'),
(11, 'Carley', 'Nienow', '2Liv6uHAc5', 'crenner@example.com', '2021-11-01 12:15:17', '$2y$10$92IXUNpkjO0rOQ5byMi.Ye4oKoEa3Ro9llC/.og/at2.uheWG/igi', 'yHQCB72Pji', '2021-11-01 12:15:17', '2021-11-01 12:15:17'),
(12, 'Albin', 'Gaylord', 'Xc6QAQKcUa', 'gmcdermott@example.org', '2021-11-01 12:15:17', '$2y$10$92IXUNpkjO0rOQ5byMi.Ye4oKoEa3Ro9llC/.og/at2.uheWG/igi', '6bIr2pqzRA', '2021-11-01 12:15:17', '2021-11-01 12:15:17'),
(13, 'Katrina', 'Zboncak', 'c1dA61EgUT', 'wyman.kathryne@example.net', '2021-11-01 12:15:17', '$2y$10$92IXUNpkjO0rOQ5byMi.Ye4oKoEa3Ro9llC/.og/at2.uheWG/igi', 'kq0RAd4RF4', '2021-11-01 12:15:17', '2021-11-01 12:15:17'),
(14, 'Henriette', 'Cronin', 'SLcDokSqZr', 'predovic.johnson@example.net', '2021-11-01 12:15:17', '$2y$10$92IXUNpkjO0rOQ5byMi.Ye4oKoEa3Ro9llC/.og/at2.uheWG/igi', '4jA3SoqIM8', '2021-11-01 12:15:17', '2021-11-01 12:15:17'),
(15, 'Salvatore', 'Muller', 'WO8KaTQcVX', 'wilford.stanton@example.com', '2021-11-01 12:15:17', '$2y$10$92IXUNpkjO0rOQ5byMi.Ye4oKoEa3Ro9llC/.og/at2.uheWG/igi', '0NIuwpRB33', '2021-11-01 12:15:17', '2021-11-01 12:15:17'),
(16, 'Kraig', 'Friesen', 'KuPrucDErg', 'magnus83@example.org', '2021-11-01 12:15:17', '$2y$10$92IXUNpkjO0rOQ5byMi.Ye4oKoEa3Ro9llC/.og/at2.uheWG/igi', 'ttsIBOzziZ', '2021-11-01 12:15:17', '2021-11-01 12:15:17'),
(17, 'Loyce', 'Pfannerstill', '2bxvS4KJmX', 'dbecker@example.com', '2021-11-01 12:15:17', '$2y$10$92IXUNpkjO0rOQ5byMi.Ye4oKoEa3Ro9llC/.og/at2.uheWG/igi', 'gJMXkQg9uo', '2021-11-01 12:15:17', '2021-11-01 12:15:17'),
(18, 'Kristofer', 'Breitenberg', 'Ti77kNb9ef', 'zelda.torp@example.org', '2021-11-01 12:15:17', '$2y$10$92IXUNpkjO0rOQ5byMi.Ye4oKoEa3Ro9llC/.og/at2.uheWG/igi', 'cysydpaKJZ', '2021-11-01 12:15:17', '2021-11-01 12:15:17'),
(19, 'Lysanne', 'Gaylord', 'ypfXERhSpP', 'lea84@example.org', '2021-11-01 12:15:17', '$2y$10$92IXUNpkjO0rOQ5byMi.Ye4oKoEa3Ro9llC/.og/at2.uheWG/igi', '0OyluyVSzV', '2021-11-01 12:15:17', '2021-11-01 12:15:17'),
(20, 'Vaughn', 'Herman', 'kD7LJoMINt', 'mikel47@example.org', '2021-11-01 12:15:17', '$2y$10$92IXUNpkjO0rOQ5byMi.Ye4oKoEa3Ro9llC/.og/at2.uheWG/igi', '5J7U5mJiUL', '2021-11-01 12:15:17', '2021-11-01 12:15:17'),
(21, 'Ruben', 'Wehner', 'yKAMCwjJQP', 'bauch.jamaal@example.net', '2021-11-01 12:15:17', '$2y$10$92IXUNpkjO0rOQ5byMi.Ye4oKoEa3Ro9llC/.og/at2.uheWG/igi', 'Zh4gtOPmKu', '2021-11-01 12:15:17', '2021-11-01 12:15:17'),
(22, 'Ephraim', 'Rau', 'EkoHNNjKS3', 'vernon40@example.net', '2021-11-01 12:15:17', '$2y$10$92IXUNpkjO0rOQ5byMi.Ye4oKoEa3Ro9llC/.og/at2.uheWG/igi', '69133H9Pxm', '2021-11-01 12:15:17', '2021-11-01 12:15:17'),
(23, 'Kellen', 'Kuhic', '9owSR0FXOK', 'alanis.jenkins@example.net', '2021-11-01 12:15:17', '$2y$10$92IXUNpkjO0rOQ5byMi.Ye4oKoEa3Ro9llC/.og/at2.uheWG/igi', 'vTy119qRXf', '2021-11-01 12:15:17', '2021-11-01 12:15:17'),
(24, 'Jermain', 'Dooley', 'C4H5Gqs34O', 'irma.ryan@example.com', '2021-11-01 12:15:17', '$2y$10$92IXUNpkjO0rOQ5byMi.Ye4oKoEa3Ro9llC/.og/at2.uheWG/igi', 'kWGdxgaUUW', '2021-11-01 12:15:17', '2021-11-01 12:15:17'),
(25, 'Abbie', 'Herman', 'JWcEh8d9KY', 'edward.kris@example.com', '2021-11-01 12:15:17', '$2y$10$92IXUNpkjO0rOQ5byMi.Ye4oKoEa3Ro9llC/.og/at2.uheWG/igi', '1dvlRDqM3k', '2021-11-01 12:15:17', '2021-11-01 12:15:17'),
(26, 'Angela', 'Schmidt', 'FiPqRi8hHy', 'zkutch@example.net', '2021-11-01 12:15:17', '$2y$10$92IXUNpkjO0rOQ5byMi.Ye4oKoEa3Ro9llC/.og/at2.uheWG/igi', 'dLnuqbQFXC', '2021-11-01 12:15:17', '2021-11-01 12:15:17'),
(27, 'Wayne', 'Sawayn', 'kccgmnhPJZ', 'cummings.stacey@example.net', '2021-11-01 12:15:17', '$2y$10$92IXUNpkjO0rOQ5byMi.Ye4oKoEa3Ro9llC/.og/at2.uheWG/igi', '6FKPkJGXZK', '2021-11-01 12:15:17', '2021-11-01 12:15:17'),
(28, 'Daphney', 'Kunde', 'HprUmA83Bi', 'uwiegand@example.org', '2021-11-01 12:15:17', '$2y$10$92IXUNpkjO0rOQ5byMi.Ye4oKoEa3Ro9llC/.og/at2.uheWG/igi', 'Lcy8788mXG', '2021-11-01 12:15:17', '2021-11-01 12:15:17'),
(29, 'Sherman', 'Monahan', 'NPDSxa4qmP', 'sroberts@example.org', '2021-11-01 12:15:17', '$2y$10$92IXUNpkjO0rOQ5byMi.Ye4oKoEa3Ro9llC/.og/at2.uheWG/igi', 'eLlv7lUjXi', '2021-11-01 12:15:17', '2021-11-01 12:15:17'),
(30, 'Crawford', 'Skiles', 'p7gtZegIeF', 'sheaney@example.com', '2021-11-01 12:15:17', '$2y$10$92IXUNpkjO0rOQ5byMi.Ye4oKoEa3Ro9llC/.og/at2.uheWG/igi', 'iECvPg96Yj', '2021-11-01 12:15:17', '2021-11-01 12:15:17'),
(31, 'Ron', 'Corwin', 'FZou9dBJbE', 'lucius48@example.net', '2021-11-01 12:15:17', '$2y$10$92IXUNpkjO0rOQ5byMi.Ye4oKoEa3Ro9llC/.og/at2.uheWG/igi', 'g50YpC3gLg', '2021-11-01 12:15:17', '2021-11-01 12:15:17'),
(32, 'Retha', 'Emard', 'DjfLiS1e9f', 'kiehn.boris@example.com', '2021-11-01 12:15:17', '$2y$10$92IXUNpkjO0rOQ5byMi.Ye4oKoEa3Ro9llC/.og/at2.uheWG/igi', 'RaTSxvfWEK', '2021-11-01 12:15:17', '2021-11-01 12:15:17'),
(33, 'Nasir', 'Rempel', 'iTmtAUQ9gH', 'maria.osinski@example.org', '2021-11-01 12:15:17', '$2y$10$92IXUNpkjO0rOQ5byMi.Ye4oKoEa3Ro9llC/.og/at2.uheWG/igi', 'gRtyKf7GjU', '2021-11-01 12:15:17', '2021-11-01 12:15:17'),
(34, 'Brannon', 'Dickinson', 'kMPOW255iQ', 'funk.earl@example.com', '2021-11-01 12:15:17', '$2y$10$92IXUNpkjO0rOQ5byMi.Ye4oKoEa3Ro9llC/.og/at2.uheWG/igi', 'UPJDA9XfNi', '2021-11-01 12:15:17', '2021-11-01 12:15:17'),
(35, 'Eloisa', 'Crooks', 'LsUoZ54t6D', 'harry.nader@example.org', '2021-11-01 12:15:17', '$2y$10$92IXUNpkjO0rOQ5byMi.Ye4oKoEa3Ro9llC/.og/at2.uheWG/igi', 'EVwH4zRbV4', '2021-11-01 12:15:17', '2021-11-01 12:15:17'),
(36, 'Meda', 'Rippin', 'P7Ypm9CLZY', 'margaret.nolan@example.net', '2021-11-01 12:15:17', '$2y$10$92IXUNpkjO0rOQ5byMi.Ye4oKoEa3Ro9llC/.og/at2.uheWG/igi', '5AasXe7PIu', '2021-11-01 12:15:17', '2021-11-01 12:15:17'),
(37, 'Austin', 'Metz', 'vxMv93B5Hj', 'tod06@example.com', '2021-11-01 12:15:17', '$2y$10$92IXUNpkjO0rOQ5byMi.Ye4oKoEa3Ro9llC/.og/at2.uheWG/igi', 'Ey4xR4mMxV', '2021-11-01 12:15:17', '2021-11-01 12:15:17'),
(38, 'Ava', 'Crona', '1GpTkrfqDQ', 'fmckenzie@example.com', '2021-11-01 12:15:17', '$2y$10$92IXUNpkjO0rOQ5byMi.Ye4oKoEa3Ro9llC/.og/at2.uheWG/igi', 'wotQkajYQD', '2021-11-01 12:15:17', '2021-11-01 12:15:17'),
(39, 'Morgan', 'Beahan', 'l449urMts3', 'juston16@example.org', '2021-11-01 12:15:17', '$2y$10$92IXUNpkjO0rOQ5byMi.Ye4oKoEa3Ro9llC/.og/at2.uheWG/igi', 'SAT6414qur', '2021-11-01 12:15:17', '2021-11-01 12:15:17'),
(40, 'Elliott', 'Kling', '8qJ5kZcNVz', 'elna10@example.org', '2021-11-01 12:15:17', '$2y$10$92IXUNpkjO0rOQ5byMi.Ye4oKoEa3Ro9llC/.og/at2.uheWG/igi', 'qe606QS42p', '2021-11-01 12:15:17', '2021-11-01 12:15:17'),
(41, 'Werner', 'Mante', 'FJSbqPXq1z', 'carlie.erdman@example.org', '2021-11-01 12:15:17', '$2y$10$92IXUNpkjO0rOQ5byMi.Ye4oKoEa3Ro9llC/.og/at2.uheWG/igi', '8FxoWiUW3q', '2021-11-01 12:15:17', '2021-11-01 12:15:17'),
(42, 'Tressie', 'Ebert', 'MKjFthMDm4', 'wayne71@example.com', '2021-11-01 12:15:17', '$2y$10$92IXUNpkjO0rOQ5byMi.Ye4oKoEa3Ro9llC/.og/at2.uheWG/igi', 'DLbENwQx6J', '2021-11-01 12:15:17', '2021-11-01 12:15:17'),
(43, 'Rickie', 'Hudson', 'tw36F17R59', 'jarred.schumm@example.net', '2021-11-01 12:15:17', '$2y$10$92IXUNpkjO0rOQ5byMi.Ye4oKoEa3Ro9llC/.og/at2.uheWG/igi', '7ICAbJVWp2', '2021-11-01 12:15:17', '2021-11-01 12:15:17'),
(44, 'Talia', 'Vandervort', 'opcfkRWnHw', 'benjamin.rogahn@example.org', '2021-11-01 12:15:17', '$2y$10$92IXUNpkjO0rOQ5byMi.Ye4oKoEa3Ro9llC/.og/at2.uheWG/igi', 'QoPl0bYgwW', '2021-11-01 12:15:17', '2021-11-01 12:15:17'),
(45, 'Al', 'Schoen', 't9hTMq4Cr5', 'torrey.wilderman@example.org', '2021-11-01 12:15:17', '$2y$10$92IXUNpkjO0rOQ5byMi.Ye4oKoEa3Ro9llC/.og/at2.uheWG/igi', 'AXUMB6HwYR', '2021-11-01 12:15:17', '2021-11-01 12:15:17'),
(46, 'Murl', 'Gislason', 'lTUTV8rs64', 'randal94@example.com', '2021-11-01 12:15:17', '$2y$10$92IXUNpkjO0rOQ5byMi.Ye4oKoEa3Ro9llC/.og/at2.uheWG/igi', 'Rh4RiCgIUz', '2021-11-01 12:15:17', '2021-11-01 12:15:17'),
(47, 'Thurman', 'Conn', 'xInUw1UQZY', 'abigale.hickle@example.net', '2021-11-01 12:15:17', '$2y$10$92IXUNpkjO0rOQ5byMi.Ye4oKoEa3Ro9llC/.og/at2.uheWG/igi', 'vNPXFfL45W', '2021-11-01 12:15:17', '2021-11-01 12:15:17'),
(48, 'Willow', 'Haley', '2hjS8CsePb', 'schimmel.harold@example.com', '2021-11-01 12:15:17', '$2y$10$92IXUNpkjO0rOQ5byMi.Ye4oKoEa3Ro9llC/.og/at2.uheWG/igi', 'VnruBdGQbO', '2021-11-01 12:15:17', '2021-11-01 12:15:17'),
(49, 'Boris', 'Schmidt', 'HbSp6RPsFO', 'yundt.ward@example.org', '2021-11-01 12:15:17', '$2y$10$92IXUNpkjO0rOQ5byMi.Ye4oKoEa3Ro9llC/.og/at2.uheWG/igi', 'BzY2Ab9Yzb', '2021-11-01 12:15:17', '2021-11-01 12:15:17'),
(50, 'Orpha', 'Cronin', 'DEBNB1fdGM', 'elvie26@example.org', '2021-11-01 12:15:17', '$2y$10$92IXUNpkjO0rOQ5byMi.Ye4oKoEa3Ro9llC/.og/at2.uheWG/igi', 'u3aZ0Sy5Vz', '2021-11-01 12:15:17', '2021-11-01 12:15:17'),
(54, 'Petar', 'Peric', 'Petar_Peric_01112021_2105.jpg', 'perrra@pera.comrr', NULL, '$2y$10$3oHgXEph7BzO8BUFDSHXi.MNC25nDXr6jM3heGH2fz5TWA8UpUjP.', NULL, '2021-11-01 19:36:05', '2021-11-01 19:36:05');

--
-- Indexes for dumped tables
--

--
-- Indexes for table `categories`
--
ALTER TABLE `categories`
  ADD PRIMARY KEY (`id`),
  ADD UNIQUE KEY `categories_name_unique` (`name`);

--
-- Indexes for table `comments`
--
ALTER TABLE `comments`
  ADD PRIMARY KEY (`id`);

--
-- Indexes for table `failed_jobs`
--
ALTER TABLE `failed_jobs`
  ADD PRIMARY KEY (`id`),
  ADD UNIQUE KEY `failed_jobs_uuid_unique` (`uuid`);

--
-- Indexes for table `interests`
--
ALTER TABLE `interests`
  ADD PRIMARY KEY (`id`),
  ADD UNIQUE KEY `interests_user_id_category_id_unique` (`user_id`,`category_id`);

--
-- Indexes for table `likes`
--
ALTER TABLE `likes`
  ADD PRIMARY KEY (`id`),
  ADD UNIQUE KEY `likes_post_id_user_id_unique` (`post_id`,`user_id`);

--
-- Indexes for table `migrations`
--
ALTER TABLE `migrations`
  ADD PRIMARY KEY (`id`);

--
-- Indexes for table `password_resets`
--
ALTER TABLE `password_resets`
  ADD KEY `password_resets_email_index` (`email`);

--
-- Indexes for table `personal_access_tokens`
--
ALTER TABLE `personal_access_tokens`
  ADD PRIMARY KEY (`id`),
  ADD UNIQUE KEY `personal_access_tokens_token_unique` (`token`),
  ADD KEY `personal_access_tokens_tokenable_type_tokenable_id_index` (`tokenable_type`,`tokenable_id`);

--
-- Indexes for table `posts`
--
ALTER TABLE `posts`
  ADD PRIMARY KEY (`id`);

--
-- Indexes for table `users`
--
ALTER TABLE `users`
  ADD PRIMARY KEY (`id`),
  ADD UNIQUE KEY `users_email_unique` (`email`);

--
-- AUTO_INCREMENT for dumped tables
--

--
-- AUTO_INCREMENT for table `categories`
--
ALTER TABLE `categories`
  MODIFY `id` bigint(20) UNSIGNED NOT NULL AUTO_INCREMENT, AUTO_INCREMENT=11;

--
-- AUTO_INCREMENT for table `comments`
--
ALTER TABLE `comments`
  MODIFY `id` bigint(20) UNSIGNED NOT NULL AUTO_INCREMENT, AUTO_INCREMENT=101;

--
-- AUTO_INCREMENT for table `failed_jobs`
--
ALTER TABLE `failed_jobs`
  MODIFY `id` bigint(20) UNSIGNED NOT NULL AUTO_INCREMENT;

--
-- AUTO_INCREMENT for table `interests`
--
ALTER TABLE `interests`
  MODIFY `id` bigint(20) UNSIGNED NOT NULL AUTO_INCREMENT, AUTO_INCREMENT=106;

--
-- AUTO_INCREMENT for table `likes`
--
ALTER TABLE `likes`
  MODIFY `id` bigint(20) UNSIGNED NOT NULL AUTO_INCREMENT, AUTO_INCREMENT=103;

--
-- AUTO_INCREMENT for table `migrations`
--
ALTER TABLE `migrations`
  MODIFY `id` int(10) UNSIGNED NOT NULL AUTO_INCREMENT, AUTO_INCREMENT=11;

--
-- AUTO_INCREMENT for table `personal_access_tokens`
--
ALTER TABLE `personal_access_tokens`
  MODIFY `id` bigint(20) UNSIGNED NOT NULL AUTO_INCREMENT, AUTO_INCREMENT=7;

--
-- AUTO_INCREMENT for table `posts`
--
ALTER TABLE `posts`
  MODIFY `id` bigint(20) UNSIGNED NOT NULL AUTO_INCREMENT, AUTO_INCREMENT=74;

--
-- AUTO_INCREMENT for table `users`
--
ALTER TABLE `users`
  MODIFY `id` bigint(20) UNSIGNED NOT NULL AUTO_INCREMENT, AUTO_INCREMENT=55;
COMMIT;

/*!40101 SET CHARACTER_SET_CLIENT=@OLD_CHARACTER_SET_CLIENT */;
/*!40101 SET CHARACTER_SET_RESULTS=@OLD_CHARACTER_SET_RESULTS */;
/*!40101 SET COLLATION_CONNECTION=@OLD_COLLATION_CONNECTION */;
